like1,like2,like3,par0,par1,par2,par3,par4,simulation1_1,simulation2_1,simulation3_1,chain
69.56,23.84,150.6,0.3828,0.7446,0.6465,0.7314,0.83,69.56,23.84,150.6,0.0
13.29,6.305,40.66,0.3252,0.678,0.1247,0.603,0.3013,13.29,6.305,40.66,1.0
79.06,11.414,218.6,0.2927,0.874,0.5547,0.2489,0.955,79.06,11.414,218.6,2.0
3.541,64.8,87.1,0.4397,0.0518,0.9644,0.4207,0.1848,3.541,64.8,87.1,3.0
37.22,42.22,112.25,0.4146,0.4685,0.8457,0.83,0.8105,37.22,42.22,112.25,4.0
29.0,58.5,183.6,0.3228,0.3313,0.7397,0.0561,0.9717,29.0,58.5,183.6,5.0
202.2,10.04,50.9,0.8066,0.9526,0.636,0.5635,0.2585,202.2,10.04,50.9,6.0
4.457,19.38,163.8,0.1271,0.1869,0.62,0.33,0.1343,4.457,19.38,163.8,7.0
113.0,4.703,59.66,0.6636,0.96,0.2192,0.578,0.448,113.0,4.703,59.66,8.0
63.0,18.53,94.25,0.4636,0.773,0.5244,0.2795,0.661,63.0,18.53,94.25,9.0
65.1,99.7,25.27,0.867,0.3953,0.3643,0.8906,0.761,65.1,99.7,25.27,10.0
19.1,93.5,51.25,0.687,0.1697,0.896,0.9785,0.8555,19.1,93.5,51.25,11.0
16.92,8.34,149.9,0.1443,0.67,0.1874,0.07916,0.0533,16.92,8.34,149.9,12.0
164.5,30.58,18.8,0.912,0.8433,0.6235,0.2695,0.5444,164.5,30.58,18.8,13.0
5.133,1.131,192.0,0.0316,0.8193,0.01531,0.828,0.4487,5.133,1.131,192.0,14.0
97.56,16.53,134.8,0.4585,0.855,0.638,0.7485,0.4724,97.56,16.53,134.8,15.0
130.6,5.355,59.75,0.695,0.9604,0.5127,0.932,0.1416,130.6,5.355,59.75,16.0
69.2,107.1,74.7,0.7026,0.3926,0.767,0.349,0.769,69.2,107.1,74.7,17.0
3.318,82.2,122.56,0.411,0.03882,0.5376,0.3428,0.7847,3.318,82.2,122.56,18.0
41.56,20.81,14.6,0.8105,0.6665,0.9834,0.4854,0.6143,41.56,20.81,14.6,19.0
3.453,13.836,158.6,0.0983,0.1997,0.914,0.123,0.2576,3.453,13.836,158.6,20.0
7.414,31.3,170.5,0.185,0.1915,0.858,0.8955,0.9395,7.414,31.3,170.5,21.0
78.7,68.5,21.34,0.873,0.5347,0.3467,0.08044,0.08636,78.7,68.5,21.34,22.0
14.74,15.07,132.6,0.1836,0.4944,0.4202,0.05133,0.7886,14.74,15.07,132.6,23.0
22.56,34.0,46.62,0.5483,0.399,0.0189,0.9824,0.99,22.56,34.0,46.62,24.0
50.62,43.2,77.06,0.549,0.5396,0.7603,0.729,0.9062,50.62,43.2,77.06,25.0
20.38,5.19,145.5,0.1494,0.797,0.838,0.928,0.7925,20.38,5.19,145.5,26.0
83.0,18.03,103.25,0.4946,0.822,0.9165,0.836,0.933,83.0,18.03,103.25,27.0
34.5,16.66,97.44,0.3442,0.6743,0.9175,0.31,0.6494,34.5,16.66,97.44,28.0
27.9,11.59,91.56,0.3013,0.7065,0.1011,0.381,0.0351,27.9,11.59,91.56,29.0
3.318,82.2,122.56,0.411,0.03882,0.5376,0.3428,0.7847,3.318,82.2,122.56,0.0
3.453,13.836,158.6,0.0983,0.1997,0.914,0.123,0.2576,3.453,13.836,158.6,1.0
3.541,64.8,87.1,0.4397,0.0518,0.9644,0.4207,0.1848,3.541,64.8,87.1,2.0
4.457,19.38,163.8,0.1271,0.1869,0.62,0.33,0.1343,4.457,19.38,163.8,3.0
5.133,1.131,192.0,0.0316,0.8193,0.01531,0.828,0.4487,5.133,1.131,192.0,4.0
7.414,31.3,170.5,0.185,0.1915,0.858,0.8955,0.9395,7.414,31.3,170.5,5.0
13.29,6.305,40.66,0.3252,0.678,0.1247,0.603,0.3013,13.29,6.305,40.66,6.0
14.74,15.07,132.6,0.1836,0.4944,0.4202,0.05133,0.7886,14.74,15.07,132.6,7.0
16.92,8.34,149.9,0.1443,0.67,0.1874,0.07916,0.0533,16.92,8.34,149.9,8.0
19.1,93.5,51.25,0.687,0.1697,0.896,0.9785,0.8555,19.1,93.5,51.25,9.0
20.38,5.19,145.5,0.1494,0.797,0.838,0.928,0.7925,20.38,5.19,145.5,10.0
22.56,34.0,46.62,0.5483,0.399,0.0189,0.9824,0.99,22.56,34.0,46.62,11.0
27.9,11.59,91.56,0.3013,0.7065,0.1011,0.381,0.0351,27.9,11.59,91.56,12.0
29.0,58.5,183.6,0.3228,0.3313,0.7397,0.0561,0.9717,29.0,58.5,183.6,13.0
34.5,16.66,97.44,0.3442,0.6743,0.9175,0.31,0.6494,34.5,16.66,97.44,14.0
37.22,42.22,112.25,0.4146,0.4685,0.8457,0.83,0.8105,37.22,42.22,112.25,15.0
41.56,20.81,14.6,0.8105,0.6665,0.9834,0.4854,0.6143,41.56,20.81,14.6,16.0
50.62,43.2,77.06,0.549,0.5396,0.7603,0.729,0.9062,50.62,43.2,77.06,17.0
63.0,18.53,94.25,0.4636,0.773,0.5244,0.2795,0.661,63.0,18.53,94.25,18.0
65.1,99.7,25.27,0.867,0.3953,0.3643,0.8906,0.761,65.1,99.7,25.27,19.0
69.2,107.1,74.7,0.7026,0.3926,0.767,0.349,0.769,69.2,107.1,74.7,20.0
69.56,23.84,150.6,0.3828,0.7446,0.6465,0.7314,0.83,69.56,23.84,150.6,21.0
78.7,68.5,21.34,0.873,0.5347,0.3467,0.08044,0.08636,78.7,68.5,21.34,22.0
79.06,11.414,218.6,0.2927,0.874,0.5547,0.2489,0.955,79.06,11.414,218.6,23.0
83.0,18.03,103.25,0.4946,0.822,0.9165,0.836,0.933,83.0,18.03,103.25,24.0
97.56,16.53,134.8,0.4585,0.855,0.638,0.7485,0.4724,97.56,16.53,134.8,25.0
113.0,4.703,59.66,0.6636,0.96,0.2192,0.578,0.448,113.0,4.703,59.66,26.0
130.6,5.355,59.75,0.695,0.9604,0.5127,0.932,0.1416,130.6,5.355,59.75,27.0
164.5,30.58,18.8,0.912,0.8433,0.6235,0.2695,0.5444,164.5,30.58,18.8,28.0
202.2,10.04,50.9,0.8066,0.9526,0.636,0.5635,0.2585,202.2,10.04,50.9,29.0
31.94,64.44,202.2,0.3228,0.3313,0.7397,0.0561,0.961,31.94,64.44,202.2,30.0
15.45,9.984,150.9,0.1443,0.6074,0.9644,0.4272,0.1848,15.45,9.984,150.9,31.0
4.312,106.8,159.4,0.411,0.03882,0.5376,0.336,0.8574,4.312,106.8,159.4,32.0
72.06,61.5,109.75,0.549,0.5396,0.7603,0.729,0.2642,72.06,61.5,109.75,33.0
16.92,8.34,149.9,0.1443,0.67,0.1874,0.07916,0.0533,16.92,8.34,149.9,34.0
20.38,99.7,43.75,0.733,0.1697,0.896,0.9785,0.8555,20.38,99.7,43.75,35.0
43.34,65.3,89.5,0.5483,0.399,0.0189,0.07916,0.0533,43.34,65.3,89.5,36.0
4.457,19.38,163.8,0.1271,0.1869,0.62,0.33,0.1343,4.457,19.38,163.8,37.0
71.1,1.189,31.77,0.695,0.9834,0.5127,0.932,0.8057,71.1,1.189,31.77,38.0
23.98,24.53,195.5,0.1989,0.4944,0.6465,0.7314,0.83,23.98,24.53,195.5,39.0
15.17,7.477,134.4,0.1443,0.67,0.1874,0.07916,0.1626,15.17,7.477,134.4,40.0
20.55,100.6,55.16,0.687,0.1697,0.896,0.2695,0.5444,20.55,100.6,55.16,41.0
152.0,19.11,16.48,0.912,0.888,0.62,0.33,0.1343,152.0,19.11,16.48,42.0
4.76,87.25,102.8,0.4722,0.0518,0.9644,0.379,0.228,4.76,87.25,102.8,43.0
3.541,64.8,87.1,0.4397,0.0518,0.9644,0.4207,0.1848,3.541,64.8,87.1,44.0
4.13,17.95,151.8,0.1271,0.1869,0.62,0.2788,0.5444,4.13,17.95,151.8,45.0
52.53,7.582,145.2,0.2927,0.874,0.559,0.2915,0.8555,52.53,7.582,145.2,46.0
24.94,122.06,66.94,0.687,0.1697,0.6235,0.2695,0.5444,24.94,122.06,66.94,47.0
3.148,78.0,130.9,0.3828,0.03882,0.5376,0.4504,0.7847,3.148,78.0,130.9,48.0
39.4,18.7,120.5,0.3252,0.678,0.1247,0.3428,0.7847,39.4,18.7,120.5,49.0
0.9053,3.938,33.28,0.1271,0.1869,0.719,0.603,0.3013,0.9053,3.938,33.28,50.0
153.4,6.387,74.25,0.6826,0.96,0.2334,0.07916,0.0533,153.4,6.387,74.25,51.0
65.56,6.04,173.0,0.2927,0.9155,0.5547,0.981,0.8555,65.56,6.04,173.0,52.0
1.375,0.3027,307.5,0.00543,0.8193,0.5547,0.2489,0.955,1.375,0.3027,307.5,53.0
27.16,54.78,171.9,0.3228,0.3313,0.772,0.06445,0.4487,27.16,54.78,171.9,54.0
17.69,8.72,129.1,0.1698,0.67,0.9644,0.4207,0.1848,17.69,8.72,129.1,55.0
50.4,22.19,150.6,0.3252,0.6943,0.1247,0.2695,0.5444,50.4,22.19,150.6,56.0
201.2,29.05,78.7,0.745,0.874,0.5547,0.2489,0.955,201.2,29.05,78.7,57.0
40.5,17.17,119.7,0.3252,0.702,0.2192,0.578,0.448,40.5,17.17,119.7,58.0
26.36,12.51,80.6,0.3252,0.678,0.1247,0.4207,0.1848,26.36,12.51,80.6,59.0
0.9053,3.938,33.28,0.1271,0.1869,0.719,0.603,0.3013,0.9053,3.938,33.28,0.0
1.375,0.3027,307.5,0.00543,0.8193,0.5547,0.2489,0.955,1.375,0.3027,307.5,1.0
3.148,78.0,130.9,0.3828,0.03882,0.5376,0.4504,0.7847,3.148,78.0,130.9,2.0
3.318,82.2,122.56,0.411,0.03882,0.5376,0.3428,0.7847,3.318,82.2,122.56,3.0
3.453,13.836,158.6,0.0983,0.1997,0.914,0.123,0.2576,3.453,13.836,158.6,4.0
3.541,64.8,87.1,0.4397,0.0518,0.9644,0.4207,0.1848,3.541,64.8,87.1,5.0
3.541,64.8,87.1,0.4397,0.0518,0.9644,0.4207,0.1848,3.541,64.8,87.1,6.0
4.13,17.95,151.8,0.1271,0.1869,0.62,0.2788,0.5444,4.13,17.95,151.8,7.0
4.312,106.8,159.4,0.411,0.03882,0.5376,0.336,0.8574,4.312,106.8,159.4,8.0
4.457,19.38,163.8,0.1271,0.1869,0.62,0.33,0.1343,4.457,19.38,163.8,9.0
4.457,19.38,163.8,0.1271,0.1869,0.62,0.33,0.1343,4.457,19.38,163.8,10.0
4.76,87.25,102.8,0.4722,0.0518,0.9644,0.379,0.228,4.76,87.25,102.8,11.0
5.133,1.131,192.0,0.0316,0.8193,0.01531,0.828,0.4487,5.133,1.131,192.0,12.0
7.414,31.3,170.5,0.185,0.1915,0.858,0.8955,0.9395,7.414,31.3,170.5,13.0
13.29,6.305,40.66,0.3252,0.678,0.1247,0.603,0.3013,13.29,6.305,40.66,14.0
14.74,15.07,132.6,0.1836,0.4944,0.4202,0.05133,0.7886,14.74,15.07,132.6,15.0
15.17,7.477,134.4,0.1443,0.67,0.1874,0.07916,0.1626,15.17,7.477,134.4,16.0
15.45,9.984,150.9,0.1443,0.6074,0.9644,0.4272,0.1848,15.45,9.984,150.9,17.0
16.92,8.34,149.9,0.1443,0.67,0.1874,0.07916,0.0533,16.92,8.34,149.9,18.0
16.92,8.34,149.9,0.1443,0.67,0.1874,0.07916,0.0533,16.92,8.34,149.9,19.0
17.69,8.72,129.1,0.1698,0.67,0.9644,0.4207,0.1848,17.69,8.72,129.1,20.0
19.1,93.5,51.25,0.687,0.1697,0.896,0.9785,0.8555,19.1,93.5,51.25,21.0
20.38,5.19,145.5,0.1494,0.797,0.838,0.928,0.7925,20.38,5.19,145.5,22.0
20.38,99.7,43.75,0.733,0.1697,0.896,0.9785,0.8555,20.38,99.7,43.75,23.0
20.55,100.6,55.16,0.687,0.1697,0.896,0.2695,0.5444,20.55,100.6,55.16,24.0
22.56,34.0,46.62,0.5483,0.399,0.0189,0.9824,0.99,22.56,34.0,46.62,25.0
23.98,24.53,195.5,0.1989,0.4944,0.6465,0.7314,0.83,23.98,24.53,195.5,26.0
24.94,122.06,66.94,0.687,0.1697,0.6235,0.2695,0.5444,24.94,122.06,66.94,27.0
26.36,12.51,80.6,0.3252,0.678,0.1247,0.4207,0.1848,26.36,12.51,80.6,28.0
27.16,54.78,171.9,0.3228,0.3313,0.772,0.06445,0.4487,27.16,54.78,171.9,29.0
2.73,50.0,67.2,0.4397,0.0518,0.9644,0.4966,0.1848,2.73,50.0,67.2,30.0
4.83,20.38,111.0,0.185,0.1915,0.858,0.8955,0.7847,4.83,20.38,111.0,31.0
4.46,18.08,154.9,0.1271,0.1979,0.9775,0.4207,0.1353,4.46,18.08,154.9,32.0
21.56,5.5,154.1,0.1494,0.797,0.838,0.928,0.2864,21.56,5.5,154.1,33.0
11.42,5.055,34.2,0.3252,0.6934,0.0844,0.603,0.91,11.42,5.055,34.2,34.0
5.992,122.4,58.47,0.687,0.0467,0.5376,0.3428,0.7993,5.992,122.4,58.47,35.0
3.318,82.2,122.56,0.411,0.03882,0.5376,0.3428,0.7847,3.318,82.2,122.56,36.0
8.945,97.3,57.6,0.6484,0.08417,0.896,0.9785,0.8555,8.945,97.3,57.6,37.0
7.81,32.97,179.5,0.185,0.1915,0.858,0.4417,0.1848,7.81,32.97,179.5,38.0
22.34,5.7,159.8,0.1494,0.797,0.838,0.928,0.1848,22.34,5.7,159.8,39.0
3.48,3.559,31.31,0.1836,0.4944,0.3894,0.1045,0.7886,3.48,3.559,31.31,40.0
25.52,124.9,68.44,0.687,0.1697,0.6235,0.973,0.8457,25.52,124.9,68.44,41.0
8.61,7.133,144.4,0.0983,0.547,0.4202,0.0549,0.7886,8.61,7.133,144.4,42.0
2.768,68.56,119.5,0.3738,0.03882,0.53,0.4504,0.7847,2.768,68.56,119.5,43.0
2.508,10.586,57.66,0.185,0.1915,0.898,0.8955,0.923,2.508,10.586,57.66,44.0
12.19,51.44,241.8,0.2084,0.1915,0.858,0.8496,0.9395,12.19,51.44,241.8,45.0
18.28,18.7,132.6,0.2181,0.4944,0.64,0.7314,0.8027,18.28,18.7,132.6,46.0
16.97,17.36,152.8,0.1836,0.4944,0.4202,0.33,0.1343,16.97,17.36,152.8,47.0
28.12,114.6,52.03,0.733,0.1969,0.9644,0.379,0.228,28.12,114.6,52.03,48.0
1.685,7.33,178.6,0.04803,0.1869,0.62,0.33,0.1343,1.685,7.33,178.6,49.0
20.16,7.613,143.4,0.1624,0.7256,0.838,0.928,0.7925,20.16,7.613,143.4,50.0
1.725,55.34,92.06,0.3828,0.03021,0.5156,0.4504,0.7847,1.725,55.34,92.06,51.0
5.285,1.164,197.8,0.0316,0.8193,0.5376,0.441,0.7847,5.285,1.164,197.8,52.0
6.12,79.5,122.75,0.411,0.0715,0.5376,0.3428,0.1848,6.12,79.5,122.75,53.0
4.043,100.1,149.4,0.411,0.03882,0.5376,0.05133,0.774,4.043,100.1,149.4,54.0
6.83,66.4,93.25,0.4397,0.0933,0.896,0.9785,0.848,6.83,66.4,93.25,55.0
2.229,0.4907,83.4,0.0316,0.8193,0.01473,0.4207,0.11,2.229,0.4907,83.4,56.0
22.06,5.62,157.6,0.1494,0.797,0.837,0.928,0.7847,22.06,5.62,157.6,57.0
27.98,108.25,62.03,0.687,0.2053,0.01531,0.828,0.4487,27.98,108.25,62.03,58.0
3.309,60.6,91.6,0.411,0.0518,0.9644,0.4207,0.1848,3.309,60.6,91.6,59.0
0.9053,3.938,33.28,0.1271,0.1869,0.719,0.603,0.3013,0.9053,3.938,33.28,0.0
1.375,0.3027,307.5,0.00543,0.8193,0.5547,0.2489,0.955,1.375,0.3027,307.5,1.0
1.685,7.33,178.6,0.04803,0.1869,0.62,0.33,0.1343,1.685,7.33,178.6,2.0
1.725,55.34,92.06,0.3828,0.03021,0.5156,0.4504,0.7847,1.725,55.34,92.06,3.0
2.229,0.4907,83.4,0.0316,0.8193,0.01473,0.4207,0.11,2.229,0.4907,83.4,4.0
2.508,10.586,57.66,0.185,0.1915,0.898,0.8955,0.923,2.508,10.586,57.66,5.0
2.73,50.0,67.2,0.4397,0.0518,0.9644,0.4966,0.1848,2.73,50.0,67.2,6.0
2.768,68.56,119.5,0.3738,0.03882,0.53,0.4504,0.7847,2.768,68.56,119.5,7.0
3.148,78.0,130.9,0.3828,0.03882,0.5376,0.4504,0.7847,3.148,78.0,130.9,8.0
3.309,60.6,91.6,0.411,0.0518,0.9644,0.4207,0.1848,3.309,60.6,91.6,9.0
3.318,82.2,122.56,0.411,0.03882,0.5376,0.3428,0.7847,3.318,82.2,122.56,10.0
3.318,82.2,122.56,0.411,0.03882,0.5376,0.3428,0.7847,3.318,82.2,122.56,11.0
3.453,13.836,158.6,0.0983,0.1997,0.914,0.123,0.2576,3.453,13.836,158.6,12.0
3.48,3.559,31.31,0.1836,0.4944,0.3894,0.1045,0.7886,3.48,3.559,31.31,13.0
3.541,64.8,87.1,0.4397,0.0518,0.9644,0.4207,0.1848,3.541,64.8,87.1,14.0
3.541,64.8,87.1,0.4397,0.0518,0.9644,0.4207,0.1848,3.541,64.8,87.1,15.0
4.043,100.1,149.4,0.411,0.03882,0.5376,0.05133,0.774,4.043,100.1,149.4,16.0
4.13,17.95,151.8,0.1271,0.1869,0.62,0.2788,0.5444,4.13,17.95,151.8,17.0
4.312,106.8,159.4,0.411,0.03882,0.5376,0.336,0.8574,4.312,106.8,159.4,18.0
4.457,19.38,163.8,0.1271,0.1869,0.62,0.33,0.1343,4.457,19.38,163.8,19.0
4.457,19.38,163.8,0.1271,0.1869,0.62,0.33,0.1343,4.457,19.38,163.8,20.0
4.46,18.08,154.9,0.1271,0.1979,0.9775,0.4207,0.1353,4.46,18.08,154.9,21.0
4.76,87.25,102.8,0.4722,0.0518,0.9644,0.379,0.228,4.76,87.25,102.8,22.0
4.83,20.38,111.0,0.185,0.1915,0.858,0.8955,0.7847,4.83,20.38,111.0,23.0
5.133,1.131,192.0,0.0316,0.8193,0.01531,0.828,0.4487,5.133,1.131,192.0,24.0
5.285,1.164,197.8,0.0316,0.8193,0.5376,0.441,0.7847,5.285,1.164,197.8,25.0
5.992,122.4,58.47,0.687,0.0467,0.5376,0.3428,0.7993,5.992,122.4,58.47,26.0
6.12,79.5,122.75,0.411,0.0715,0.5376,0.3428,0.1848,6.12,79.5,122.75,27.0
6.83,66.4,93.25,0.4397,0.0933,0.896,0.9785,0.848,6.83,66.4,93.25,28.0
7.414,31.3,170.5,0.185,0.1915,0.858,0.8955,0.9395,7.414,31.3,170.5,29.0
4.25,77.8,91.75,0.4722,0.0518,0.62,0.2788,0.5444,4.25,77.8,91.75,30.0
1.023,18.73,135.8,0.1271,0.0518,0.9644,0.4207,0.1848,1.023,18.73,135.8,31.0
3.38,83.75,124.9,0.411,0.03882,0.5376,0.4504,0.7847,3.38,83.75,124.9,32.0
1.903,8.03,43.75,0.185,0.1915,0.989,0.4946,0.1848,1.903,8.03,43.75,33.0
2.002,79.06,103.3,0.4397,0.02469,0.62,0.2715,0.1343,2.002,79.06,103.3,34.0
1.894,8.234,69.6,0.1271,0.1869,0.7754,0.1045,0.7886,1.894,8.234,69.6,35.0
1.712,9.29,100.94,0.0983,0.1555,0.8833,0.3716,0.11,1.712,9.29,100.94,36.0
32.2,6.36,62.2,0.3828,0.835,0.01147,0.3274,0.11,32.2,6.36,62.2,37.0
1.049,67.4,98.1,0.411,0.01532,0.671,0.4207,0.1718,1.049,67.4,98.1,38.0
4.566,83.6,112.4,0.4397,0.0518,0.5376,0.4504,0.81,4.566,83.6,112.4,39.0
2.238,8.12,71.1,0.1271,0.2161,0.62,0.2788,0.7993,2.238,8.12,71.1,40.0
0.1384,4.44,140.5,0.0316,0.03021,0.5156,0.4504,0.786,0.1384,4.44,140.5,41.0
1.894,34.7,46.62,0.4397,0.0518,0.9907,0.4207,0.7847,1.894,34.7,46.62,42.0
1.881,68.0,89.06,0.4397,0.02692,0.0573,0.4207,0.11,1.881,68.0,89.06,43.0
3.27,80.94,135.9,0.3828,0.03882,0.5376,0.379,0.259,3.27,80.94,135.9,44.0
1.449,46.53,77.4,0.3828,0.03021,0.5156,0.379,0.228,1.449,46.53,77.4,45.0
3.3,23.77,119.25,0.185,0.12195,0.898,0.2788,0.5444,3.3,23.77,119.25,46.0
11.97,44.0,80.25,0.411,0.2137,0.858,0.8955,0.7847,11.97,44.0,80.25,47.0
4.625,114.5,151.9,0.4397,0.03882,0.5376,0.336,0.8433,4.625,114.5,151.9,48.0
3.457,85.6,143.6,0.3828,0.03882,0.5376,0.4504,0.8223,3.457,85.6,143.6,49.0
2.902,71.9,107.2,0.411,0.03882,0.5376,0.336,0.7905,2.902,71.9,107.2,50.0
4.31,106.75,182.9,0.378,0.03882,0.5376,0.4504,0.955,4.31,106.75,182.9,51.0
5.066,92.75,114.3,0.4612,0.0518,0.5547,0.2489,0.8945,5.066,92.75,114.3,52.0
2.465,45.16,60.7,0.4397,0.0518,0.9644,0.4966,0.9077,2.465,45.16,60.7,53.0
12.08,12.35,108.7,0.1836,0.4944,0.4197,0.1045,0.837,12.08,12.35,108.7,54.0
4.176,16.61,190.6,0.0983,0.2009,0.914,0.3584,0.864,4.176,16.61,190.6,55.0
4.2,18.27,154.4,0.1271,0.1869,0.719,0.3728,0.1343,4.2,18.27,154.4,56.0
14.12,14.43,127.0,0.1836,0.4944,0.9644,0.4207,0.1848,14.12,14.43,127.0,57.0
5.035,47.9,72.56,0.4219,0.09515,0.5376,0.8955,0.8164,5.035,47.9,72.56,58.0
2.854,12.414,104.9,0.1271,0.1869,0.62,0.33,0.7886,2.854,12.414,104.9,59.0
0.1384,4.44,140.5,0.0316,0.03021,0.5156,0.4504,0.786,0.1384,4.44,140.5,0.0
0.9053,3.938,33.28,0.1271,0.1869,0.719,0.603,0.3013,0.9053,3.938,33.28,1.0
1.023,18.73,135.8,0.1271,0.0518,0.9644,0.4207,0.1848,1.023,18.73,135.8,2.0
1.049,67.4,98.1,0.411,0.01532,0.671,0.4207,0.1718,1.049,67.4,98.1,3.0
1.375,0.3027,307.5,0.00543,0.8193,0.5547,0.2489,0.955,1.375,0.3027,307.5,4.0
1.449,46.53,77.4,0.3828,0.03021,0.5156,0.379,0.228,1.449,46.53,77.4,5.0
1.685,7.33,178.6,0.04803,0.1869,0.62,0.33,0.1343,1.685,7.33,178.6,6.0
1.712,9.29,100.94,0.0983,0.1555,0.8833,0.3716,0.11,1.712,9.29,100.94,7.0
1.725,55.34,92.06,0.3828,0.03021,0.5156,0.4504,0.7847,1.725,55.34,92.06,8.0
1.881,68.0,89.06,0.4397,0.02692,0.0573,0.4207,0.11,1.881,68.0,89.06,9.0
1.894,34.7,46.62,0.4397,0.0518,0.9907,0.4207,0.7847,1.894,34.7,46.62,10.0
1.894,8.234,69.6,0.1271,0.1869,0.7754,0.1045,0.7886,1.894,8.234,69.6,11.0
1.903,8.03,43.75,0.185,0.1915,0.989,0.4946,0.1848,1.903,8.03,43.75,12.0
2.002,79.06,103.3,0.4397,0.02469,0.62,0.2715,0.1343,2.002,79.06,103.3,13.0
2.229,0.4907,83.4,0.0316,0.8193,0.01473,0.4207,0.11,2.229,0.4907,83.4,14.0
2.238,8.12,71.1,0.1271,0.2161,0.62,0.2788,0.7993,2.238,8.12,71.1,15.0
2.465,45.16,60.7,0.4397,0.0518,0.9644,0.4966,0.9077,2.465,45.16,60.7,16.0
2.508,10.586,57.66,0.185,0.1915,0.898,0.8955,0.923,2.508,10.586,57.66,17.0
2.73,50.0,67.2,0.4397,0.0518,0.9644,0.4966,0.1848,2.73,50.0,67.2,18.0
2.768,68.56,119.5,0.3738,0.03882,0.53,0.4504,0.7847,2.768,68.56,119.5,19.0
2.854,12.414,104.9,0.1271,0.1869,0.62,0.33,0.7886,2.854,12.414,104.9,20.0
2.902,71.9,107.2,0.411,0.03882,0.5376,0.336,0.7905,2.902,71.9,107.2,21.0
3.148,78.0,130.9,0.3828,0.03882,0.5376,0.4504,0.7847,3.148,78.0,130.9,22.0
3.27,80.94,135.9,0.3828,0.03882,0.5376,0.379,0.259,3.27,80.94,135.9,23.0
3.3,23.77,119.25,0.185,0.12195,0.898,0.2788,0.5444,3.3,23.77,119.25,24.0
3.309,60.6,91.6,0.411,0.0518,0.9644,0.4207,0.1848,3.309,60.6,91.6,25.0
3.318,82.2,122.56,0.411,0.03882,0.5376,0.3428,0.7847,3.318,82.2,122.56,26.0
3.318,82.2,122.56,0.411,0.03882,0.5376,0.3428,0.7847,3.318,82.2,122.56,27.0
3.38,83.75,124.9,0.411,0.03882,0.5376,0.4504,0.7847,3.38,83.75,124.9,28.0
3.453,13.836,158.6,0.0983,0.1997,0.914,0.123,0.2576,3.453,13.836,158.6,29.0
1.012,0.2228,226.2,0.00543,0.8193,0.5547,0.2489,0.1848,1.012,0.2228,226.2,30.0
2.229,0.4907,83.4,0.0316,0.8193,0.01473,0.4207,0.11,2.229,0.4907,83.4,31.0
1.8545,45.94,68.5,0.411,0.03882,0.5376,0.3042,0.517,1.8545,45.94,68.5,32.0
0.4429,17.5,22.88,0.4397,0.02469,0.7197,0.603,0.3013,0.4429,17.5,22.88,33.0
2.373,11.55,61.3,0.185,0.1704,0.898,0.2788,0.7847,2.373,11.55,61.3,34.0
5.54,20.22,177.0,0.1271,0.2151,0.5903,0.2489,0.9355,5.54,20.22,177.0,35.0
1.973,8.58,85.94,0.1093,0.1869,0.719,0.8955,0.923,1.973,8.58,85.94,36.0
1.425,25.5,43.44,0.3828,0.05292,0.5156,0.4216,0.7075,1.425,25.5,43.44,37.0
7.33,52.78,86.2,0.411,0.12195,0.898,0.2788,0.5444,7.33,52.78,86.2,38.0
1.242,79.8,92.56,0.4668,0.01532,0.697,0.3428,0.7686,1.242,79.8,92.56,39.0
0.835,59.56,97.44,0.3828,0.013824,0.9546,0.4207,0.1912,0.835,59.56,97.44,40.0
1.406,25.75,186.5,0.1271,0.0518,0.9644,0.4207,0.1343,1.406,25.75,186.5,41.0
3.002,74.3,124.7,0.3828,0.03882,0.5464,0.434,0.7847,3.002,74.3,124.7,42.0
0.01393,0.8955,166.6,0.00543,0.01532,0.671,0.4207,0.1718,0.01393,0.8955,166.6,43.0
0.942,0.2085,210.9,0.00543,0.819,0.5376,0.4504,0.7847,0.942,0.2085,210.9,44.0
2.56,18.44,93.94,0.1826,0.12195,0.898,0.2788,0.1718,2.56,18.44,93.94,45.0
3.133,13.625,21.36,0.4397,0.1869,0.719,0.603,0.3013,3.133,13.625,21.36,46.0
4.734,117.25,174.9,0.411,0.03882,0.5376,0.2489,0.955,4.734,117.25,174.9,47.0
2.3,90.94,118.8,0.4397,0.02469,0.5376,0.4504,0.7847,2.3,90.94,118.8,48.0
3.936,16.61,90.5,0.185,0.1915,0.898,0.4207,0.1718,3.936,16.61,90.5,49.0
0.06586,0.2866,65.94,0.005318,0.1869,0.719,0.603,0.3179,0.06586,0.2866,65.94,50.0
0.742,47.72,97.8,0.3313,0.01532,0.898,0.2788,0.5444,0.742,47.72,97.8,51.0
1.372,5.97,56.75,0.1145,0.1869,0.7197,0.4966,0.1848,1.372,5.97,56.75,52.0
0.9854,31.62,52.6,0.3828,0.03021,0.5156,0.8955,0.923,0.9854,31.62,52.6,53.0
1.685,7.33,178.6,0.04803,0.1869,0.62,0.33,0.1343,1.685,7.33,178.6,54.0
0.5557,0.12244,124.3,0.00543,0.8193,0.5547,0.1045,0.7886,0.5557,0.12244,124.3,55.0
2.531,0.5576,94.7,0.0316,0.8193,0.01473,0.4216,0.1848,2.531,0.5576,94.7,56.0
3.014,13.11,110.75,0.1271,0.1869,0.9214,0.914,0.923,3.014,13.11,110.75,57.0
0.3062,0.08746,152.9,0.00257,0.778,0.01473,0.4207,0.1343,0.3062,0.08746,152.9,58.0
1.832,58.8,97.8,0.3828,0.03021,0.5156,0.3682,0.228,1.832,58.8,97.8,59.0
0.01393,0.8955,166.6,0.00543,0.01532,0.671,0.4207,0.1718,0.01393,0.8955,166.6,0.0
0.06586,0.2866,65.94,0.005318,0.1869,0.719,0.603,0.3179,0.06586,0.2866,65.94,1.0
0.1384,4.44,140.5,0.0316,0.03021,0.5156,0.4504,0.786,0.1384,4.44,140.5,2.0
0.3062,0.08746,152.9,0.00257,0.778,0.01473,0.4207,0.1343,0.3062,0.08746,152.9,3.0
0.4429,17.5,22.88,0.4397,0.02469,0.7197,0.603,0.3013,0.4429,17.5,22.88,4.0
0.5557,0.12244,124.3,0.00543,0.8193,0.5547,0.1045,0.7886,0.5557,0.12244,124.3,5.0
0.742,47.72,97.8,0.3313,0.01532,0.898,0.2788,0.5444,0.742,47.72,97.8,6.0
0.835,59.56,97.44,0.3828,0.013824,0.9546,0.4207,0.1912,0.835,59.56,97.44,7.0
0.9053,3.938,33.28,0.1271,0.1869,0.719,0.603,0.3013,0.9053,3.938,33.28,8.0
0.942,0.2085,210.9,0.00543,0.819,0.5376,0.4504,0.7847,0.942,0.2085,210.9,9.0
0.9854,31.62,52.6,0.3828,0.03021,0.5156,0.8955,0.923,0.9854,31.62,52.6,10.0
1.012,0.2228,226.2,0.00543,0.8193,0.5547,0.2489,0.1848,1.012,0.2228,226.2,11.0
1.023,18.73,135.8,0.1271,0.0518,0.9644,0.4207,0.1848,1.023,18.73,135.8,12.0
1.049,67.4,98.1,0.411,0.01532,0.671,0.4207,0.1718,1.049,67.4,98.1,13.0
1.242,79.8,92.56,0.4668,0.01532,0.697,0.3428,0.7686,1.242,79.8,92.56,14.0
1.372,5.97,56.75,0.1145,0.1869,0.7197,0.4966,0.1848,1.372,5.97,56.75,15.0
1.375,0.3027,307.5,0.00543,0.8193,0.5547,0.2489,0.955,1.375,0.3027,307.5,16.0
1.406,25.75,186.5,0.1271,0.0518,0.9644,0.4207,0.1343,1.406,25.75,186.5,17.0
1.425,25.5,43.44,0.3828,0.05292,0.5156,0.4216,0.7075,1.425,25.5,43.44,18.0
1.449,46.53,77.4,0.3828,0.03021,0.5156,0.379,0.228,1.449,46.53,77.4,19.0
1.685,7.33,178.6,0.04803,0.1869,0.62,0.33,0.1343,1.685,7.33,178.6,20.0
1.685,7.33,178.6,0.04803,0.1869,0.62,0.33,0.1343,1.685,7.33,178.6,21.0
1.712,9.29,100.94,0.0983,0.1555,0.8833,0.3716,0.11,1.712,9.29,100.94,22.0
1.725,55.34,92.06,0.3828,0.03021,0.5156,0.4504,0.7847,1.725,55.34,92.06,23.0
1.832,58.8,97.8,0.3828,0.03021,0.5156,0.3682,0.228,1.832,58.8,97.8,24.0
1.8545,45.94,68.5,0.411,0.03882,0.5376,0.3042,0.517,1.8545,45.94,68.5,25.0
1.881,68.0,89.06,0.4397,0.02692,0.0573,0.4207,0.11,1.881,68.0,89.06,26.0
1.894,34.7,46.62,0.4397,0.0518,0.9907,0.4207,0.7847,1.894,34.7,46.62,27.0
1.894,8.234,69.6,0.1271,0.1869,0.7754,0.1045,0.7886,1.894,8.234,69.6,28.0
1.903,8.03,43.75,0.185,0.1915,0.989,0.4946,0.1848,1.903,8.03,43.75,29.0
3.336,107.1,178.1,0.3828,0.03021,0.5625,0.4504,0.856,3.336,107.1,178.1,30.0
1.258,40.38,67.1,0.3828,0.03021,0.5156,0.379,0.3235,1.258,40.38,67.1,31.0
3.104,16.84,183.0,0.0983,0.1555,0.8833,0.3657,0.7617,3.104,16.84,183.0,32.0
0.648,0.1427,144.9,0.00543,0.8193,0.62,0.33,0.1791,0.648,0.1427,144.9,33.0
10.484,58.66,79.6,0.4648,0.1516,0.9644,0.4207,0.1876,10.484,58.66,79.6,34.0
1.685,7.33,178.6,0.04803,0.1869,0.62,0.33,0.1343,1.685,7.33,178.6,35.0
2.438,13.234,143.8,0.0983,0.1555,0.5234,0.4504,0.907,2.438,13.234,143.8,36.0
0.9517,61.16,66.44,0.4832,0.01532,0.5156,0.4348,0.2156,0.9517,61.16,66.44,37.0
0.01674,4.023,121.3,0.03226,0.004143,0.5156,0.379,0.228,0.01674,4.023,121.3,38.0
0.1788,5.008,35.62,0.1271,0.0345,0.7197,0.603,0.3013,0.1788,5.008,35.62,39.0
0.007133,0.2128,78.4,0.002796,0.03244,0.9824,0.4207,0.3013,0.007133,0.2128,78.4,40.0
1.685,9.14,160.1,0.06335,0.1555,0.671,0.452,0.1952,1.685,9.14,160.1,41.0
1.817,8.12,43.75,0.185,0.183,0.989,0.4946,0.1848,1.817,8.12,43.75,42.0
1.513,59.75,78.06,0.4397,0.02469,0.7197,0.379,0.228,1.513,59.75,78.06,43.0
23.14,5.094,222.5,0.1126,0.8193,0.5547,0.2489,0.1769,23.14,5.094,222.5,44.0
1.919,97.75,127.06,0.4397,0.01926,0.5537,0.4216,0.7373,1.919,97.75,127.06,45.0
12.17,2.68,294.2,0.04803,0.8193,0.5547,0.2489,0.955,12.17,2.68,294.2,46.0
1.005,4.37,106.56,0.04803,0.1869,0.8833,0.3716,0.11,1.005,4.37,106.56,47.0
0.9473,4.12,100.4,0.04803,0.1869,0.62,0.33,0.3013,0.9473,4.12,100.4,48.0
4.77,20.75,148.1,0.147,0.1869,0.697,0.3428,0.7686,4.77,20.75,148.1,49.0
0.03955,17.9,22.88,0.4397,0.002205,0.7197,0.603,0.3013,0.03955,17.9,22.88,50.0
1.718,62.1,81.3,0.4397,0.02692,0.0573,0.414,0.786,1.718,62.1,81.3,51.0
1.369,5.953,50.3,0.1271,0.1869,0.719,0.603,0.786,1.369,5.953,50.3,52.0
1.029,0.2367,232.0,0.00543,0.813,0.5156,0.2489,0.955,1.029,0.2367,232.0,53.0
2.318,12.586,82.06,0.1537,0.1555,0.8833,0.3716,0.3013,2.318,12.586,82.06,54.0
0.1299,4.17,85.2,0.04803,0.03021,0.5156,0.395,0.228,0.1299,4.17,85.2,55.0
0.557,0.12274,124.6,0.00543,0.8193,0.5547,0.1045,0.11,0.557,0.12274,124.6,56.0
2.377,76.3,126.94,0.3828,0.03021,0.5117,0.3428,0.7417,2.377,76.3,126.94,57.0
0.583,23.05,30.11,0.4397,0.02469,0.7197,0.6123,0.3013,0.583,23.05,30.11,58.0
0.58,0.1499,133.8,0.00543,0.795,0.5576,0.2893,0.1848,0.58,0.1499,133.8,59.0
0.007133,0.2128,78.4,0.002796,0.03244,0.9824,0.4207,0.3013,0.007133,0.2128,78.4,0.0
0.01393,0.8955,166.6,0.00543,0.01532,0.671,0.4207,0.1718,0.01393,0.8955,166.6,1.0
0.01674,4.023,121.3,0.03226,0.004143,0.5156,0.379,0.228,0.01674,4.023,121.3,2.0
0.03955,17.9,22.88,0.4397,0.002205,0.7197,0.603,0.3013,0.03955,17.9,22.88,3.0
0.06586,0.2866,65.94,0.005318,0.1869,0.719,0.603,0.3179,0.06586,0.2866,65.94,4.0
0.1299,4.17,85.2,0.04803,0.03021,0.5156,0.395,0.228,0.1299,4.17,85.2,5.0
0.1384,4.44,140.5,0.0316,0.03021,0.5156,0.4504,0.786,0.1384,4.44,140.5,6.0
0.1788,5.008,35.62,0.1271,0.0345,0.7197,0.603,0.3013,0.1788,5.008,35.62,7.0
0.3062,0.08746,152.9,0.00257,0.778,0.01473,0.4207,0.1343,0.3062,0.08746,152.9,8.0
0.4429,17.5,22.88,0.4397,0.02469,0.7197,0.603,0.3013,0.4429,17.5,22.88,9.0
0.5557,0.12244,124.3,0.00543,0.8193,0.5547,0.1045,0.7886,0.5557,0.12244,124.3,10.0
0.557,0.12274,124.6,0.00543,0.8193,0.5547,0.1045,0.11,0.557,0.12274,124.6,11.0
0.58,0.1499,133.8,0.00543,0.795,0.5576,0.2893,0.1848,0.58,0.1499,133.8,12.0
0.583,23.05,30.11,0.4397,0.02469,0.7197,0.6123,0.3013,0.583,23.05,30.11,13.0
0.648,0.1427,144.9,0.00543,0.8193,0.62,0.33,0.1791,0.648,0.1427,144.9,14.0
0.742,47.72,97.8,0.3313,0.01532,0.898,0.2788,0.5444,0.742,47.72,97.8,15.0
0.835,59.56,97.44,0.3828,0.013824,0.9546,0.4207,0.1912,0.835,59.56,97.44,16.0
0.9053,3.938,33.28,0.1271,0.1869,0.719,0.603,0.3013,0.9053,3.938,33.28,17.0
0.942,0.2085,210.9,0.00543,0.819,0.5376,0.4504,0.7847,0.942,0.2085,210.9,18.0
0.9473,4.12,100.4,0.04803,0.1869,0.62,0.33,0.3013,0.9473,4.12,100.4,19.0
0.9517,61.16,66.44,0.4832,0.01532,0.5156,0.4348,0.2156,0.9517,61.16,66.44,20.0
0.9854,31.62,52.6,0.3828,0.03021,0.5156,0.8955,0.923,0.9854,31.62,52.6,21.0
1.005,4.37,106.56,0.04803,0.1869,0.8833,0.3716,0.11,1.005,4.37,106.56,22.0
1.012,0.2228,226.2,0.00543,0.8193,0.5547,0.2489,0.1848,1.012,0.2228,226.2,23.0
1.023,18.73,135.8,0.1271,0.0518,0.9644,0.4207,0.1848,1.023,18.73,135.8,24.0
1.029,0.2367,232.0,0.00543,0.813,0.5156,0.2489,0.955,1.029,0.2367,232.0,25.0
1.049,67.4,98.1,0.411,0.01532,0.671,0.4207,0.1718,1.049,67.4,98.1,26.0
1.242,79.8,92.56,0.4668,0.01532,0.697,0.3428,0.7686,1.242,79.8,92.56,27.0
1.258,40.38,67.1,0.3828,0.03021,0.5156,0.379,0.3235,1.258,40.38,67.1,28.0
1.369,5.953,50.3,0.1271,0.1869,0.719,0.603,0.786,1.369,5.953,50.3,29.0
0.1581,0.03482,35.34,0.00543,0.8193,0.5156,0.4004,0.3103,0.1581,0.03482,35.34,30.0
0.9624,17.62,127.7,0.1271,0.0518,0.898,0.2788,0.5444,0.9624,17.62,127.7,31.0
1.688,7.344,179.0,0.04803,0.1869,0.8833,0.3716,0.1381,1.688,7.344,179.0,32.0
1.692,108.8,97.6,0.531,0.01532,0.5474,0.412,0.3584,1.692,108.8,97.6,33.0
0.8477,54.47,59.16,0.4832,0.01532,0.5156,0.4348,0.3103,0.8477,54.47,59.16,34.0
0.8,51.4,105.44,0.3313,0.01532,0.898,0.2593,0.5264,0.8,51.4,105.44,35.0
0.08136,2.611,82.5,0.0316,0.03021,0.5156,0.8955,0.923,0.08136,2.611,82.5,36.0
0.00858,0.2129,40.6,0.00543,0.03876,0.7197,0.603,0.3013,0.00858,0.2129,40.6,37.0
0.8374,53.8,47.16,0.5366,0.01532,0.697,0.3428,0.3013,0.8374,53.8,47.16,38.0
0.833,53.53,62.1,0.4668,0.01532,0.697,0.3428,0.7886,0.833,53.53,62.1,39.0
0.12396,0.539,124.06,0.005318,0.1869,0.65,0.603,0.786,0.12396,0.539,124.06,40.0
1.12,0.2467,250.5,0.00543,0.8193,0.5547,0.2488,0.776,1.12,0.2467,250.5,41.0
1.14,73.25,70.6,0.513,0.01532,0.5156,0.4504,0.786,1.14,73.25,70.6,42.0
0.03796,1.537,48.28,0.0316,0.02412,0.5156,0.1045,0.7886,0.03796,1.537,48.28,43.0
0.05725,3.68,115.94,0.03122,0.01532,0.898,0.3115,0.5444,0.05725,3.68,115.94,44.0
0.4924,0.1084,110.1,0.00543,0.8193,0.5547,0.2078,0.3013,0.4924,0.1084,110.1,45.0
0.04007,1.194,147.5,0.0083,0.03244,0.5156,0.447,0.2156,0.04007,1.194,147.5,46.0
1.332,52.62,68.75,0.4397,0.02469,0.7197,0.379,0.3235,1.332,52.62,68.75,47.0
0.9785,62.88,96.2,0.399,0.01532,0.9644,0.4778,0.1848,0.9785,62.88,96.2,48.0
1.376,44.16,57.38,0.4426,0.03021,0.8833,0.3716,0.10126,1.376,44.16,57.38,49.0
1.675,53.78,89.44,0.3828,0.03021,0.5156,0.4207,0.1345,1.675,53.78,89.44,50.0
1.902,23.34,173.5,0.1271,0.0753,0.9644,0.5664,0.3179,1.902,23.34,173.5,51.0
1.211,5.496,46.06,0.1271,0.1805,0.719,0.603,0.7886,1.211,5.496,46.06,52.0
0.8936,18.19,30.77,0.3828,0.04684,0.5156,0.1045,0.7886,0.8936,18.19,30.77,53.0
0.0761,2.443,77.25,0.0316,0.03021,0.5156,0.41,0.3235,0.0761,2.443,77.25,54.0
0.01772,0.5283,194.6,0.002796,0.03244,0.9375,0.4207,0.228,0.01772,0.5283,194.6,55.0
0.5938,23.45,31.42,0.4336,0.02469,0.7197,0.603,0.7886,0.5938,23.45,31.42,56.0
0.9688,4.21,158.9,0.0316,0.1869,0.8833,0.3716,0.1289,0.9688,4.21,158.9,57.0
0.9854,31.62,52.6,0.3828,0.03021,0.5156,0.8955,0.923,0.9854,31.62,52.6,58.0
1.0,32.1,53.4,0.3828,0.03021,0.5156,0.8955,0.9233,1.0,32.1,53.4,59.0
0.007133,0.2128,78.4,0.002796,0.03244,0.9824,0.4207,0.3013,0.007133,0.2128,78.4,0.0
0.00858,0.2129,40.6,0.00543,0.03876,0.7197,0.603,0.3013,0.00858,0.2129,40.6,1.0
0.01393,0.8955,166.6,0.00543,0.01532,0.671,0.4207,0.1718,0.01393,0.8955,166.6,2.0
0.01674,4.023,121.3,0.03226,0.004143,0.5156,0.379,0.228,0.01674,4.023,121.3,3.0
0.01772,0.5283,194.6,0.002796,0.03244,0.9375,0.4207,0.228,0.01772,0.5283,194.6,4.0
0.03796,1.537,48.28,0.0316,0.02412,0.5156,0.1045,0.7886,0.03796,1.537,48.28,5.0
0.03955,17.9,22.88,0.4397,0.002205,0.7197,0.603,0.3013,0.03955,17.9,22.88,6.0
0.04007,1.194,147.5,0.0083,0.03244,0.5156,0.447,0.2156,0.04007,1.194,147.5,7.0
0.05725,3.68,115.94,0.03122,0.01532,0.898,0.3115,0.5444,0.05725,3.68,115.94,8.0
0.06586,0.2866,65.94,0.005318,0.1869,0.719,0.603,0.3179,0.06586,0.2866,65.94,9.0
0.0761,2.443,77.25,0.0316,0.03021,0.5156,0.41,0.3235,0.0761,2.443,77.25,10.0
0.08136,2.611,82.5,0.0316,0.03021,0.5156,0.8955,0.923,0.08136,2.611,82.5,11.0
0.12396,0.539,124.06,0.005318,0.1869,0.65,0.603,0.786,0.12396,0.539,124.06,12.0
0.1299,4.17,85.2,0.04803,0.03021,0.5156,0.395,0.228,0.1299,4.17,85.2,13.0
0.1384,4.44,140.5,0.0316,0.03021,0.5156,0.4504,0.786,0.1384,4.44,140.5,14.0
0.1581,0.03482,35.34,0.00543,0.8193,0.5156,0.4004,0.3103,0.1581,0.03482,35.34,15.0
0.1788,5.008,35.62,0.1271,0.0345,0.7197,0.603,0.3013,0.1788,5.008,35.62,16.0
0.3062,0.08746,152.9,0.00257,0.778,0.01473,0.4207,0.1343,0.3062,0.08746,152.9,17.0
0.4429,17.5,22.88,0.4397,0.02469,0.7197,0.603,0.3013,0.4429,17.5,22.88,18.0
0.4924,0.1084,110.1,0.00543,0.8193,0.5547,0.2078,0.3013,0.4924,0.1084,110.1,19.0
0.5557,0.12244,124.3,0.00543,0.8193,0.5547,0.1045,0.7886,0.5557,0.12244,124.3,20.0
0.557,0.12274,124.6,0.00543,0.8193,0.5547,0.1045,0.11,0.557,0.12274,124.6,21.0
0.58,0.1499,133.8,0.00543,0.795,0.5576,0.2893,0.1848,0.58,0.1499,133.8,22.0
0.583,23.05,30.11,0.4397,0.02469,0.7197,0.6123,0.3013,0.583,23.05,30.11,23.0
0.5938,23.45,31.42,0.4336,0.02469,0.7197,0.603,0.7886,0.5938,23.45,31.42,24.0
0.648,0.1427,144.9,0.00543,0.8193,0.62,0.33,0.1791,0.648,0.1427,144.9,25.0
0.742,47.72,97.8,0.3313,0.01532,0.898,0.2788,0.5444,0.742,47.72,97.8,26.0
0.8,51.4,105.44,0.3313,0.01532,0.898,0.2593,0.5264,0.8,51.4,105.44,27.0
0.833,53.53,62.1,0.4668,0.01532,0.697,0.3428,0.7886,0.833,53.53,62.1,28.0
0.835,59.56,97.44,0.3828,0.013824,0.9546,0.4207,0.1912,0.835,59.56,97.44,29.0
0.010124,0.302,111.3,0.002796,0.03244,0.9824,0.4314,0.3013,0.010124,0.302,111.3,30.0
0.3245,0.0928,162.0,0.00257,0.778,0.01473,0.4236,0.1343,0.3245,0.0928,162.0,31.0
0.03955,17.9,22.88,0.4397,0.002205,0.7197,0.603,0.3013,0.03955,17.9,22.88,32.0
0.1951,6.26,127.94,0.04803,0.03021,0.4575,0.2893,0.1848,0.1951,6.26,127.94,33.0
0.3982,0.08765,89.0,0.00543,0.8193,0.5156,0.395,0.228,0.3982,0.08765,89.0,34.0
0.7393,47.5,97.44,0.3313,0.01532,0.62,0.33,0.1791,0.7393,47.5,97.44,35.0
0.003393,0.2181,40.6,0.00543,0.01532,0.7197,0.603,0.3013,0.003393,0.2181,40.6,36.0
0.003393,0.2181,40.6,0.00543,0.01532,0.7197,0.603,0.3013,0.003393,0.2181,40.6,37.0
0.0549,1.763,143.0,0.01255,0.03021,0.5156,0.4504,0.2856,0.0549,1.763,143.0,38.0
0.5996,38.56,107.1,0.2676,0.01532,0.898,0.2788,0.5444,0.5996,38.56,107.1,39.0
0.02827,0.701,133.6,0.00543,0.03876,0.7197,0.603,0.2411,0.02827,0.701,133.6,40.0
0.1198,3.846,121.56,0.0316,0.03021,0.5156,0.4504,0.3013,0.1198,3.846,121.56,41.0
2.338,75.06,158.6,0.3281,0.03021,0.4746,0.4504,0.8345,2.338,75.06,158.6,42.0
0.1328,0.03796,79.7,0.002136,0.778,0.01203,0.4207,0.11,0.1328,0.03796,79.7,43.0
1.17,37.56,50.78,0.4329,0.03021,0.5156,0.395,0.228,1.17,37.56,50.78,44.0
0.01393,0.8955,166.6,0.00543,0.01532,0.671,0.4207,0.1718,0.01393,0.8955,166.6,45.0
0.05728,0.2491,57.3,0.005318,0.1869,0.719,0.603,0.786,0.05728,0.2491,57.3,46.0
0.1377,4.418,139.8,0.0316,0.03021,0.5156,0.4207,0.1343,0.1377,4.418,139.8,47.0
0.1241,3.984,125.94,0.0316,0.03021,0.5156,0.4626,0.786,0.1241,3.984,125.94,48.0
0.01628,0.467,88.56,0.00543,0.0337,0.898,0.2788,0.5786,0.01628,0.467,88.56,49.0
0.02982,1.203,147.2,0.0083,0.02419,0.5156,0.447,0.2156,0.02982,1.203,147.2,50.0
0.015205,0.4534,167.1,0.002796,0.03244,0.671,0.4207,0.1718,0.015205,0.4534,167.1,51.0
0.58,0.1499,133.8,0.00543,0.795,0.5576,0.2893,0.1848,0.58,0.1499,133.8,52.0
2.818,87.94,115.6,0.4397,0.03107,0.898,0.3518,0.5444,2.818,87.94,115.6,53.0
0.9067,58.25,76.6,0.4358,0.01532,0.898,0.2822,0.5444,0.9067,58.25,76.6,54.0
0.5557,0.1241,124.6,0.00543,0.8174,0.5547,0.1045,0.11,0.5557,0.1241,124.6,55.0
0.012474,0.372,162.9,0.002356,0.03244,0.9824,0.33,0.1746,0.012474,0.372,162.9,56.0
0.02089,5.023,151.5,0.03226,0.004143,0.5156,0.379,0.7407,0.02089,5.023,151.5,57.0
0.012054,2.898,87.3,0.03226,0.004143,0.5156,0.3943,0.228,0.012054,2.898,87.3,58.0
3.85,0.8477,141.0,0.03226,0.8193,0.62,0.33,0.1791,3.85,0.8477,141.0,59.0
0.003393,0.2181,40.6,0.00543,0.01532,0.7197,0.603,0.3013,0.003393,0.2181,40.6,0.0
0.003393,0.2181,40.6,0.00543,0.01532,0.7197,0.603,0.3013,0.003393,0.2181,40.6,1.0
0.007133,0.2128,78.4,0.002796,0.03244,0.9824,0.4207,0.3013,0.007133,0.2128,78.4,2.0
0.00858,0.2129,40.6,0.00543,0.03876,0.7197,0.603,0.3013,0.00858,0.2129,40.6,3.0
0.010124,0.302,111.3,0.002796,0.03244,0.9824,0.4314,0.3013,0.010124,0.302,111.3,4.0
0.012054,2.898,87.3,0.03226,0.004143,0.5156,0.3943,0.228,0.012054,2.898,87.3,5.0
0.012474,0.372,162.9,0.002356,0.03244,0.9824,0.33,0.1746,0.012474,0.372,162.9,6.0
0.01393,0.8955,166.6,0.00543,0.01532,0.671,0.4207,0.1718,0.01393,0.8955,166.6,7.0
0.01393,0.8955,166.6,0.00543,0.01532,0.671,0.4207,0.1718,0.01393,0.8955,166.6,8.0
0.015205,0.4534,167.1,0.002796,0.03244,0.671,0.4207,0.1718,0.015205,0.4534,167.1,9.0
0.01628,0.467,88.56,0.00543,0.0337,0.898,0.2788,0.5786,0.01628,0.467,88.56,10.0
0.01674,4.023,121.3,0.03226,0.004143,0.5156,0.379,0.228,0.01674,4.023,121.3,11.0
0.01772,0.5283,194.6,0.002796,0.03244,0.9375,0.4207,0.228,0.01772,0.5283,194.6,12.0
0.02089,5.023,151.5,0.03226,0.004143,0.5156,0.379,0.7407,0.02089,5.023,151.5,13.0
0.02827,0.701,133.6,0.00543,0.03876,0.7197,0.603,0.2411,0.02827,0.701,133.6,14.0
0.02982,1.203,147.2,0.0083,0.02419,0.5156,0.447,0.2156,0.02982,1.203,147.2,15.0
0.03796,1.537,48.28,0.0316,0.02412,0.5156,0.1045,0.7886,0.03796,1.537,48.28,16.0
0.03955,17.9,22.88,0.4397,0.002205,0.7197,0.603,0.3013,0.03955,17.9,22.88,17.0
0.03955,17.9,22.88,0.4397,0.002205,0.7197,0.603,0.3013,0.03955,17.9,22.88,18.0
0.04007,1.194,147.5,0.0083,0.03244,0.5156,0.447,0.2156,0.04007,1.194,147.5,19.0
0.0549,1.763,143.0,0.01255,0.03021,0.5156,0.4504,0.2856,0.0549,1.763,143.0,20.0
0.05725,3.68,115.94,0.03122,0.01532,0.898,0.3115,0.5444,0.05725,3.68,115.94,21.0
0.05728,0.2491,57.3,0.005318,0.1869,0.719,0.603,0.786,0.05728,0.2491,57.3,22.0
0.06586,0.2866,65.94,0.005318,0.1869,0.719,0.603,0.3179,0.06586,0.2866,65.94,23.0
0.0761,2.443,77.25,0.0316,0.03021,0.5156,0.41,0.3235,0.0761,2.443,77.25,24.0
0.08136,2.611,82.5,0.0316,0.03021,0.5156,0.8955,0.923,0.08136,2.611,82.5,25.0
0.1198,3.846,121.56,0.0316,0.03021,0.5156,0.4504,0.3013,0.1198,3.846,121.56,26.0
0.12396,0.539,124.06,0.005318,0.1869,0.65,0.603,0.786,0.12396,0.539,124.06,27.0
0.1241,3.984,125.94,0.0316,0.03021,0.5156,0.4626,0.786,0.1241,3.984,125.94,28.0
0.1299,4.17,85.2,0.04803,0.03021,0.5156,0.395,0.228,0.1299,4.17,85.2,29.0
0.003273,0.1324,48.38,0.002796,0.02412,0.5156,0.098,0.7886,0.003273,0.1324,48.38,30.0
0.0188,0.466,98.6,0.004894,0.03876,0.7407,0.603,0.3013,0.0188,0.466,98.6,31.0
0.0377,1.524,47.9,0.0316,0.02412,0.5156,0.11334,0.3013,0.0377,1.524,47.9,32.0
0.0337,0.4197,89.06,0.005066,0.0743,0.5156,0.395,0.228,0.0337,0.4197,89.06,33.0
0.0236,1.518,47.8,0.03122,0.01532,0.898,0.3115,0.3167,0.0236,1.518,47.8,34.0
0.02122,0.681,74.44,0.009346,0.03021,0.5156,0.4207,0.312,0.02122,0.681,74.44,35.0
0.02716,6.53,196.9,0.03226,0.004143,0.5156,0.453,0.2343,0.02716,6.53,196.9,36.0
0.010124,0.302,111.3,0.002796,0.03244,0.9824,0.4314,0.3013,0.010124,0.302,111.3,37.0
0.01539,0.3816,12.164,0.0316,0.03876,0.609,0.603,0.3013,0.01539,0.3816,12.164,38.0
0.03004,1.931,38.84,0.04803,0.01532,0.7197,0.603,0.3013,0.03004,1.931,38.84,39.0
0.123,0.5825,131.9,0.005318,0.1743,0.7197,0.603,0.2598,0.123,0.5825,131.9,40.0
0.6655,2.895,62.72,0.05374,0.1869,0.719,0.603,0.3179,0.6655,2.895,62.72,41.0
0.0627,3.623,86.4,0.04092,0.01701,0.5176,0.8955,0.923,0.0627,3.623,86.4,42.0
0.02008,3.643,109.94,0.03226,0.00548,0.565,0.4912,0.2156,0.02008,3.643,109.94,43.0
0.01793,0.4446,84.75,0.00543,0.03876,0.5156,0.8955,0.923,0.01793,0.4446,84.75,44.0
0.04663,2.996,101.2,0.0292,0.01532,0.671,0.4207,0.3013,0.04663,2.996,101.2,45.0
0.01732,1.113,135.0,0.0083,0.01532,0.7197,0.5557,0.3013,0.01732,1.113,135.0,46.0
0.004715,0.1908,69.7,0.002796,0.02412,0.5225,0.1045,0.7886,0.004715,0.1908,69.7,47.0
0.0244,0.7275,137.8,0.00543,0.03244,0.5117,0.447,0.2156,0.0244,0.7275,137.8,48.0
0.01179,0.3516,129.6,0.002796,0.03244,0.9375,0.603,0.2812,0.01179,0.3516,129.6,49.0
0.02681,1.085,34.06,0.0316,0.02412,0.5156,0.1045,0.3013,0.02681,1.085,34.06,50.0
0.2299,7.38,150.8,0.04803,0.03021,0.5156,0.4207,0.2568,0.2299,7.38,150.8,51.0
0.003702,0.1104,40.7,0.002796,0.03244,0.7197,0.603,0.3013,0.003702,0.1104,40.7,52.0
0.2703,17.38,151.4,0.10443,0.01532,0.898,0.3289,0.5444,0.2703,17.38,151.4,53.0
0.01822,0.585,110.5,0.00543,0.03021,0.5376,0.4841,0.3013,0.01822,0.585,110.5,54.0
0.006306,0.4053,190.4,0.002157,0.01532,0.671,0.447,0.2156,0.006306,0.4053,190.4,55.0
0.00999,0.2343,87.06,0.002796,0.0409,0.664,0.603,0.3013,0.00999,0.2343,87.06,56.0
0.02046,1.315,69.75,0.0188,0.01532,0.876,0.3115,0.3013,0.02046,1.315,69.75,57.0
0.00989,0.6353,118.25,0.00543,0.01532,0.671,0.4207,0.7886,0.00989,0.6353,118.25,58.0
0.8486,3.691,100.7,0.04315,0.1869,0.65,0.603,0.3013,0.8486,3.691,100.7,59.0
