Date;rainfall[mm];TURC [mm d-1];Discharge[ls-1]
01.01.2012;2.052861283;0.35;nan
02.01.2012;0;0.26;nan
03.01.2012;0.58456085;0.39;nan
04.01.2012;0.123880377;0.53;nan
05.01.2012;0;0.44;nan
06.01.2012;0;0.63;nan
07.01.2012;0;0.42;nan
08.01.2012;0;0.39;nan
09.01.2012;1.163450614;0.29;nan
10.01.2012;0.110276668;0.27;nan
11.01.2012;0;0;nan
12.01.2012;0;0;nan
13.01.2012;0;0;nan
14.01.2012;0;0;nan
15.01.2012;0;0;nan
16.01.2012;0;0;nan
17.01.2012;0;0;nan
18.01.2012;1.219186104;0;nan
19.01.2012;11.18647129;0.34;nan
20.01.2012;6.105975569;0.23;nan
21.01.2012;4.373221849;0.29;nan
22.01.2012;5.178867935;0.35;nan
23.01.2012;2.623482708;0.31;nan
24.01.2012;1.369532702;0.17;nan
25.01.2012;0.100778681;0;nan
26.01.2012;0;0;nan
27.01.2012;0.636631682;0.03;nan
28.01.2012;0;0.05;nan
29.01.2012;0;0;nan
30.01.2012;0;0;nan
31.01.2012;0;0;nan
01.02.2012;0;0;nan
02.02.2012;0;0;nan
03.02.2012;0;0;nan
04.02.2012;0;0;nan
05.02.2012;0;0;nan
06.02.2012;0;0;nan
07.02.2012;0;0;nan
08.02.2012;0;0;nan
09.02.2012;0;0;nan
10.02.2012;0;0;nan
11.02.2012;0;0;nan
12.02.2012;0;0;nan
13.02.2012;0;0;nan
14.02.2012;0;0.02;nan
15.02.2012;2.17738637;0.32;nan
16.02.2012;0;0.39;nan
17.02.2012;0.2499812;0.41;nan
18.02.2012;0.931498122;0.43;nan
19.02.2012;1.746463163;0.53;nan
20.02.2012;0;0.04;nan
21.02.2012;0;0.06;nan
22.02.2012;0;0.45;nan
23.02.2012;0;0.47;nan
24.02.2012;0;0.62;nan
25.02.2012;0;0.94;nan
26.02.2012;0;0.59;nan
27.02.2012;0;0.34;nan
28.02.2012;0;0.62;nan
29.02.2012;0.207535518;1.04;nan
01.03.2012;0;0.63;nan
02.03.2012;0.100209282;0.58;nan
03.03.2012;0.102361883;0.54;nan
04.03.2012;0;0.65;nan
05.03.2012;0.650417002;0.56;nan
06.03.2012;0;1.06;nan
07.03.2012;1.16677932;0.33;nan
08.03.2012;0.620345275;0.81;nan
09.03.2012;0;0.51;nan
10.03.2012;0;0.65;nan
11.03.2012;0;0.79;nan
12.03.2012;0;1.35;nan
13.03.2012;0;0.66;nan
14.03.2012;0;0.59;nan
15.03.2012;0;1.43;nan
16.03.2012;0;1.89;nan
17.03.2012;0;1.83;nan
18.03.2012;6.356746921;0.69;nan
19.03.2012;0;1.54;nan
20.03.2012;0;1.47;nan
21.03.2012;0;1.9;nan
22.03.2012;0;2.35;nan
23.03.2012;0;2.38;nan
24.03.2012;0;2.3;nan
25.03.2012;0;2.67;nan
26.03.2012;0;2.5;nan
27.03.2012;0;2.67;nan
28.03.2012;0;2.81;nan
29.03.2012;0;1.12;nan
30.03.2012;0;0.85;nan
31.03.2012;0;0.84;nan
01.04.2012;0;1.4;nan
02.04.2012;0;0.9;nan
03.04.2012;0.751147786;2.11;nan
04.04.2012;6.234130095;1.55;nan
05.04.2012;0;0.71;nan
06.04.2012;0;1.04;nan
07.04.2012;0.641610559;0.74;nan
08.04.2012;0;0.94;nan
09.04.2012;2.228532307;0.63;nan
10.04.2012;3.026204163;1.12;nan
11.04.2012;0.46035981;1.3;nan
12.04.2012;1.034950878;1.2;nan
13.04.2012;0.099439631;1.36;nan
14.04.2012;0;1.56;nan
15.04.2012;0;1.58;nan
16.04.2012;0;1.11;nan
17.04.2012;0;1.75;nan
18.04.2012;0;1.54;nan
19.04.2012;1.666469734;1.58;nan
20.04.2012;6.49722907;1.42;nan
21.04.2012;4.282479402;1.18;nan
22.04.2012;3.149470554;2.02;nan
23.04.2012;0;1.86;nan
24.04.2012;0.576750765;1.21;nan
25.04.2012;0.227285801;1.75;nan
26.04.2012;1.477948828;1.17;nan
27.04.2012;0.115071088;1.82;nan
28.04.2012;0;3.96;nan
29.04.2012;0;2.4;nan
30.04.2012;0.211165732;3.55;nan
01.05.2012;0;3.85;nan
02.05.2012;7.043225031;2.26;nan
03.05.2012;0;2.08;nan
04.05.2012;2.546992839;2.83;nan
05.05.2012;8.085650311;1.21;nan
06.05.2012;4.67993303;1.11;nan
07.05.2012;0;1.61;nan
08.05.2012;0;3.36;nan
09.05.2012;3.181178733;1.58;nan
10.05.2012;0.10099184;2.63;nan
11.05.2012;14.48655285;2.61;nan
12.05.2012;0;1.85;nan
13.05.2012;0;2.65;nan
14.05.2012;0;2.9;nan
15.05.2012;11.72812871;1.69;nan
16.05.2012;2.567372337;1.93;nan
17.05.2012;0.127193178;3.14;nan
18.05.2012;2.818878724;1.76;nan
19.05.2012;8.900350658;3.05;nan
20.05.2012;0.401544065;4.07;nan
21.05.2012;0;2.12;nan
22.05.2012;0;5.36;nan
23.05.2012;3.679706569;3.09;nan
24.05.2012;0.101080379;4.95;nan
25.05.2012;0;5.01;nan
26.05.2012;0;4.98;nan
27.05.2012;0;3.25;nan
28.05.2012;0.321305602;3.43;nan
29.05.2012;0;4.73;nan
30.05.2012;0;4.1;nan
31.05.2012;0.224517541;1.68;nan
01.06.2012;4.596540569;2.27;nan
02.06.2012;0;3.01;nan
03.06.2012;1.364553991;1.31;nan
04.06.2012;1.065027646;1.73;nan
05.06.2012;0;2.11;nan
06.06.2012;0;1.71;nan
07.06.2012;0;2.09;nan
08.06.2012;0;3.71;nan
09.06.2012;0;3.47;nan
10.06.2012;0;2.82;nan
11.06.2012;0;1.97;nan
12.06.2012;7.23930017;2.48;nan
13.06.2012;26.50460299;1.43;nan
14.06.2012;0.100491752;2.32;nan
15.06.2012;0.704714972;1.83;nan
16.06.2012;7.426936784;1.57;nan
17.06.2012;0;4.32;nan
18.06.2012;0;4.34;nan
19.06.2012;8.756527923;2.39;nan
20.06.2012;17.07189609;1.66;nan
21.06.2012;5.24496361;2.05;nan
22.06.2012;0.10174942;3.58;nan
23.06.2012;0;3.71;nan
24.06.2012;4.402583345;2.73;nan
25.06.2012;0.425813334;2.34;nan
26.06.2012;0;3.64;nan
27.06.2012;0.871569354;2.33;nan
28.06.2012;0.100209282;2.93;nan
29.06.2012;15.37761492;3.53;nan
30.06.2012;0.103716701;4.54;nan
01.07.2012;1.723063686;2.38;nan
02.07.2012;0.538548728;1.56;nan
03.07.2012;0.103595763;4.3;nan
04.07.2012;0;5.09;nan
05.07.2012;0.859775595;3.46;nan
06.07.2012;0.833394972;2.92;nan
07.07.2012;2.761336277;4.24;nan
08.07.2012;6.613458276;2.5;nan
09.07.2012;1.343123714;3.39;nan
10.07.2012;6.240313766;3.14;nan
11.07.2012;3.491422269;2.14;nan
12.07.2012;0.444357341;2.55;nan
13.07.2012;15.09272074;1.73;nan
14.07.2012;25.91844249;2.54;nan
15.07.2012;2.369939964;2.53;nan
16.07.2012;0.664489808;2.32;nan
17.07.2012;1.152821883;1.91;nan
18.07.2012;0;3.23;nan
19.07.2012;0;2.65;nan
20.07.2012;0.104251899;2.1;nan
21.07.2012;7.524294533;1.91;nan
22.07.2012;0;4.22;nan
23.07.2012;0;4.84;nan
24.07.2012;0;5.25;nan
25.07.2012;0;5.52;nan
26.07.2012;0;4.96;nan
27.07.2012;0.71497793;4.87;nan
28.07.2012;5.635569646;2.9;nan
29.07.2012;0.248982158;3.05;nan
30.07.2012;3.210364058;3.03;nan
31.07.2012;0;2.69;nan
01.08.2012;0;5.06;nan
02.08.2012;0;3.52;nan
03.08.2012;0;3.49;nan
04.08.2012;0;3.14;nan
05.08.2012;0.826030268;2.49;nan
06.08.2012;5.221529943;2.71;nan
07.08.2012;0.312130111;2.83;nan
08.08.2012;0;3.62;nan
09.08.2012;0;2.63;nan
10.08.2012;0;3.52;nan
11.08.2012;0;3.6;nan
12.08.2012;0;4.19;nan
13.08.2012;0;3.95;nan
14.08.2012;0;3.63;nan
15.08.2012;0;3.02;nan
16.08.2012;6.757477709;3.6;nan
17.08.2012;0;3.48;nan
18.08.2012;0;4.86;nan
19.08.2012;0;4.88;nan
20.08.2012;0.221908764;3;nan
21.08.2012;0;3.52;nan
22.08.2012;0;3.96;nan
23.08.2012;0;4.23;nan
24.08.2012;5.486384479;1.54;nan
25.08.2012;0;2.79;nan
26.08.2012;0.452769647;1.82;nan
27.08.2012;0;3.38;nan
28.08.2012;0;2.53;nan
29.08.2012;0.612815989;2.96;nan
30.08.2012;0;1.35;nan
31.08.2012;1.125232008;1.71;nan
01.09.2012;0;2.65;nan
02.09.2012;0;3;nan
03.09.2012;0;3.54;nan
04.09.2012;0;3.21;nan
05.09.2012;0;1.2;nan
06.09.2012;0;2.1;nan
07.09.2012;0;3.13;nan
08.09.2012;0;3.64;nan
09.09.2012;0;3.76;nan
10.09.2012;0;3.38;nan
11.09.2012;13.54578198;1.36;nan
12.09.2012;1.412819865;1;nan
13.09.2012;0.100209282;1.37;nan
14.09.2012;2.64355724;2.15;nan
15.09.2012;0.203690864;1.02;nan
16.09.2012;0.103141494;2.35;nan
17.09.2012;0;2.72;nan
18.09.2012;1.065046071;1.86;nan
19.09.2012;0.463291857;2.12;nan
20.09.2012;0.100209282;1.4;nan
21.09.2012;2.804011549;1.34;nan
22.09.2012;0.100891145;1.55;nan
23.09.2012;0;1.11;nan
24.09.2012;5.614039905;1.15;nan
25.09.2012;2.346876165;0.95;nan
26.09.2012;3.562013413;0.95;nan
27.09.2012;2.39513061;1.22;nan
28.09.2012;0;1.94;nan
29.09.2012;0.101817107;1.37;nan
30.09.2012;0.103899938;1.53;nan
01.10.2012;0.307930088;1.51;nan
02.10.2012;0.10254475;1.2;nan
03.10.2012;0.403395594;1.15;nan
04.10.2012;12.51779236;1.09;nan
05.10.2012;1.41091845;0.86;nan
06.10.2012;6.073277622;1;nan
07.10.2012;2.680292566;1.42;nan
08.10.2012;0.299858195;0.81;nan
09.10.2012;0.732005881;1.52;nan
10.10.2012;0;1.04;nan
11.10.2012;0.100720276;1.18;nan
12.10.2012;3.197505101;0.65;nan
13.10.2012;3.555910417;1.21;nan
14.10.2012;7.480236484;0.74;nan
15.10.2012;0.454507793;0.6;nan
16.10.2012;0.099439631;0.8;nan
17.10.2012;0.100209282;0.62;nan
18.10.2012;0;1.87;nan
19.10.2012;0;1.86;nan
20.10.2012;0.10058936;1.42;nan
21.10.2012;0.100640272;1.75;nan
22.10.2012;0.100209282;1.24;nan
23.10.2012;0;0.6;nan
24.10.2012;0.100209282;0.54;nan
25.10.2012;0;0.6;nan
26.10.2012;14.07118471;0.39;nan
27.10.2012;1.516291237;0.16;nan
28.10.2012;0.111496891;0;nan
29.10.2012;0.108158529;0;nan
30.10.2012;5.133717827;0.37;nan
31.10.2012;0.122396573;0.81;nan
01.11.2012;2.39637902;0.5;nan
02.11.2012;8.131136921;0.62;nan
03.11.2012;7.789490852;0.44;nan
04.11.2012;3.115891884;0.46;nan
05.11.2012;2.648004818;0.58;nan
06.11.2012;0.108211059;0.64;nan
07.11.2012;0;0.49;nan
08.11.2012;0;0.5;nan
09.11.2012;0;0.49;nan
10.11.2012;10.50276489;0.46;nan
11.11.2012;0.103268345;0.5;nan
12.11.2012;0.101566606;0.3;nan
13.11.2012;0.200069189;0.01;nan
14.11.2012;0.105169605;0.08;nan
15.11.2012;0;0.21;nan
16.11.2012;0;0.21;nan
17.11.2012;0;0.25;nan
18.11.2012;0.522474816;0.38;nan
19.11.2012;0.101078256;0.36;nan
20.11.2012;0.105382174;0.22;nan
21.11.2012;0.249835567;0.2;nan
22.11.2012;0.100249036;0.18;nan
23.11.2012;0.201533138;0.28;nan
24.11.2012;0.309757147;0.4;nan
25.11.2012;0.183579714;0.63;nan
26.11.2012;5.663064676;0.31;nan
27.11.2012;0.448863743;0.39;nan
28.11.2012;0.203350776;0.35;nan
29.11.2012;0;0.25;nan
30.11.2012;0.15531028;0.06;nan
01.12.2012;0;0;nan
02.12.2012;2.229082138;0.08;nan
03.12.2012;0.631836587;0.07;nan
04.12.2012;1.450042377;0.2;nan
05.12.2012;0.20808764;0.15;nan
06.12.2012;0;0;nan
07.12.2012;0;0;nan
08.12.2012;0;0;nan
09.12.2012;6.108605507;0;nan
10.12.2012;3.320764568;0.13;nan
11.12.2012;0;0;nan
12.12.2012;0;0;nan
13.12.2012;0;0;nan
14.12.2012;11.3498736;0.08;nan
15.12.2012;1.07618634;0.32;nan
16.12.2012;0.965767621;0.39;nan
17.12.2012;4.037667261;0.29;nan
18.12.2012;0.100254803;0.27;nan
19.12.2012;0.200418564;0.17;nan
20.12.2012;0.228574953;0.13;nan
21.12.2012;4.122440719;0.09;nan
22.12.2012;3.902192703;0.25;nan
23.12.2012;8.965119864;0.46;nan
24.12.2012;1.654593813;0.51;nan
25.12.2012;2.19554711;0.45;nan
26.12.2012;5.305579636;0.39;nan
27.12.2012;8.833007442;0.51;nan
28.12.2012;0;0.3;nan
29.12.2012;0;0.52;nan
30.12.2012;0.936592981;0.57;nan
31.12.2012;0;0.4;nan
01.01.2013;2.052861283;0.35;24.418331
02.01.2013;0;0.27;18.871897
03.01.2013;0.58456085;0.37;15.542923
04.01.2013;0.123880377;0.46;13.749797
05.01.2013;0;0.41;12.432438
06.01.2013;0;0.4;10.779954
07.01.2013;0;0.38;9.679059
08.01.2013;0;0.32;8.504039
09.01.2013;1.163450614;0.29;7.848518
10.01.2013;0.110276668;0.28;7.778211
11.01.2013;0;0;6.871534
12.01.2013;0;0;5.976367
13.01.2013;0;0;5.639718
14.01.2013;0;0;5.482801
15.01.2013;0;0;5.551196
16.01.2013;0;0;5.388404
17.01.2013;0;0;5.226621
18.01.2013;0;0;5.16354
19.01.2013;0;0;5.564683
20.01.2013;0;0;5.957756
21.01.2013;0;0;6.274101
22.01.2013;0;0;6.25
23.01.2013;0;0;6.23
24.01.2013;0;0;6.21
25.01.2013;0;0;6.19
26.01.2013;0;0;6.17
27.01.2013;3.310331039;0;6.15
28.01.2013;8.098844635;0.17;6.143736
29.01.2013;5.555837156;0.44;67.386173
30.01.2013;4.659346435;0.57;98.59951
31.01.2013;8.678574079;0.46;80.011049
01.02.2013;6.416312834;0.39;103.328494
02.02.2013;0.585763486;0.25;96.736221
03.02.2013;0.98774513;0.22;65.159635
04.02.2013;0.878132691;0.39;59.196146
05.02.2013;4.848835201;0.44;56.141688
06.02.2013;2.214924475;0;46.823822
07.02.2013;0.315204331;0.06;38.530109
08.02.2013;0.688363528;0;34.144966
09.02.2013;0.537587552;0;30.088306
10.02.2013;0;0;26.788075
11.02.2013;0;0;23.962136
12.02.2013;0;0;20.621056
13.02.2013;0;0;17.775907
14.02.2013;0;0;15.857303
15.02.2013;2.737719864;0.01;14.777229
16.02.2013;1.015202732;0.16;17.461349
17.02.2013;0;0.2;22.883208
18.02.2013;0;0.34;23.845093
19.02.2013;2.54909879;0;21.86127
20.02.2013;0;0;19.853548
21.02.2013;0;0;18.264846
22.02.2013;0;0;17.236124
23.02.2013;0;0;16.584315
24.02.2013;1.274964868;0;15.375273
25.02.2013;5.233084746;0.11;13.871548
26.02.2013;0.257978214;0.22;13.038394
27.02.2013;0;0.06;14.918089
28.02.2013;0;0.19;15.247023
01.03.2013;0;0.23;18.653939
02.03.2013;0;0.64;24.390232
03.03.2013;0;0.13;26.492173
04.03.2013;0.127083124;0.29;25.443637
05.03.2013;0;0.48;23.432959
06.03.2013;0.102087612;0.99;22.280846
07.03.2013;1.790611675;0.67;21.452868
08.03.2013;0.558562408;1.28;22.858965
09.03.2013;2.167173903;0.64;22.082662
10.03.2013;1.357020944;0.42;20.443747
11.03.2013;0;0;18.716441
12.03.2013;0;0;18.244689
13.03.2013;0.739369543;0;16.916135
14.03.2013;0.214254297;0;15.284938
15.03.2013;0.104845802;0;14.00103
16.03.2013;0;0.31;13.50998
17.03.2013;1.303862735;0.19;14.320551
18.03.2013;0;0.42;27.354957
19.03.2013;0.142673758;0.53;36.772176
20.03.2013;4.864261381;0.32;48.00298
21.03.2013;0;0.17;50.356696
22.03.2013;0;0.17;45.946707
23.03.2013;0;0;40.412788
24.03.2013;0;0;34.953245
25.03.2013;0;0;30.804001
26.03.2013;0;0;27.969613
27.03.2013;0;0;24.805747
28.03.2013;0;0;23.038726
29.03.2013;0.203593466;0.07;21.382703
30.03.2013;0;0.13;19.574033
31.03.2013;0;0;17.755825
01.04.2013;0;0;16.264878
02.04.2013;0;0.19;14.497697
03.04.2013;0;0.23;12.911583
04.04.2013;0;0.61;12.519697
05.04.2013;0;0.29;11.880156
06.04.2013;0;0.28;11.099295
07.04.2013;0;0.25;10.792131
08.04.2013;0.712984118;0.83;11.031519
09.04.2013;2.157146283;0.62;11.063046
10.04.2013;1.125369394;1;10.432581
11.04.2013;5.339580331;1.39;10.405523
12.04.2013;12.33943522;1.47;20.367295
13.04.2013;0.508279458;2.34;18.812959
14.04.2013;0;2.01;16.443959
15.04.2013;0;3.15;15.842358
16.04.2013;2.855278519;2.57;15.963371
17.04.2013;0;2.02;14.906706
18.04.2013;0;3.27;14.117884
19.04.2013;0.353597317;1.69;13.188015
20.04.2013;0;1.98;12.052954
21.04.2013;0;2.32;11.928762
22.04.2013;0;2.08;11.40644
23.04.2013;0.876230574;1.88;10.633094
24.04.2013;0;3.67;9.135218
25.04.2013;0;3.49;8.348676
26.04.2013;13.82395604;1.9;9.811417
27.04.2013;8.293600025;0.8;16.038199
28.04.2013;0.478398276;1.13;13.761059
29.04.2013;0;2.54;12.086581
30.04.2013;1.420622693;1.03;11.431914
01.05.2013;0.141786314;1.51;10.747734
02.05.2013;0;2.25;10.073772
03.05.2013;0;1.86;9.441185
04.05.2013;0;2.85;8.996614
05.05.2013;0;3.81;8.189752
06.05.2013;0;3.47;7.532977
07.05.2013;3.317989574;1.62;7.249058
08.05.2013;0.207117652;2.25;7.166745
09.05.2013;2.352225074;2.29;7.313077
10.05.2013;0;2.35;6.558072
11.05.2013;0.687868446;1.85;5.795573
12.05.2013;9.546001617;1.88;6.811404
13.05.2013;1.497689714;1.29;6.169322
14.05.2013;1.034103142;1.53;5.979106
15.05.2013;1.586295215;2.13;6.403671
16.05.2013;0.77223393;2.24;6.448726
17.05.2013;0.105340329;1.33;6.43021
18.05.2013;0.104621964;2.36;6.145124
19.05.2013;17.4205831;2.71;8.532971
20.05.2013;6.430174394;1.35;21.864815
21.05.2013;2.725247239;1.53;12.78167
22.05.2013;5.503978419;1.18;20.050647
23.05.2013;12.44602574;1.06;34.547334
24.05.2013;0;1.36;29.138713
25.05.2013;1.296469046;1.78;25.69534
26.05.2013;20.41429324;1.04;85.193173
27.05.2013;0.577905728;2.57;100.145387
28.05.2013;0;3.88;66.987341
29.05.2013;7.738908459;1.21;68.474104
30.05.2013;2.829262724;2.16;56.474726
31.05.2013;9.92731459;1.58;64.028852
01.06.2013;0;1.8;51.844541
02.06.2013;0;3.5;42.472362
03.06.2013;0;3.55;34.08307
04.06.2013;0;4.19;28.545171
05.06.2013;0;3.6;24.222246
06.06.2013;0;5.12;19.870631
07.06.2013;0;5.16;16.482535
08.06.2013;0;4.82;14.196014
09.06.2013;0.852389941;2.36;13.547897
10.06.2013;0.794100111;1.82;12.503125
11.06.2013;0;4.03;10.14463
12.06.2013;0;2.63;7.988602
13.06.2013;6.97525817;2.7;7.099181
14.06.2013;0.110118225;2.75;7.62865
15.06.2013;0;2.41;6.072319
16.06.2013;0;3.56;4.959866
17.06.2013;0;5.21;4.307747
18.06.2013;0;5.85;3.575091
19.06.2013;0;6.01;3.221764
20.06.2013;5.437790195;2.37;3.453995
21.06.2013;1.581458717;3.5;3.695777
22.06.2013;0;3.18;3.149866
23.06.2013;0;2.9;3.050426
24.06.2013;3.06557465;2.13;3.158111
25.06.2013;2.5305722;1.54;3.184428
26.06.2013;0;1.8;3.059972
27.06.2013;1.709660985;1.76;3.070111
28.06.2013;0.102023852;1.45;2.96429
29.06.2013;6.390260901;2.24;3.208235
30.06.2013;0;2.7;2.971959
01.07.2013;0;4.28;2.751832
02.07.2013;0;4.66;2.570896
03.07.2013;12.85463175;1.72;3.414943
04.07.2013;0;2.77;3.114361
05.07.2013;0;3.24;2.75413
06.07.2013;0;5.17;2.543549
07.07.2013;0;5.54;2.39239
08.07.2013;0;5.54;2.246893
09.07.2013;0;5.06;2.153437
10.07.2013;0;5.03;2.092768
11.07.2013;0;3.09;2.101726
12.07.2013;0;3.72;2.092602
13.07.2013;0;3.81;2.020425
14.07.2013;0;3.86;2.014752
15.07.2013;0;4.49;1.920806
16.07.2013;0;4.55;1.842162
17.07.2013;0;5.13;1.783579
18.07.2013;0;5.26;1.64404
19.07.2013;0;5.5;1.572092
20.07.2013;0;4.93;1.523529
21.07.2013;0;5.62;1.497957
22.07.2013;0;5.71;1.451664
23.07.2013;2.298154545;3.12;1.479384
24.07.2013;0;3.18;1.546242
25.07.2013;10.25992882;2.93;3.046824
26.07.2013;0.101682369;2.92;2.146813
27.07.2013;0;5.53;1.722019
28.07.2013;0.721374121;2.72;1.666815
29.07.2013;0.221428694;1.69;1.667242
30.07.2013;0.524357188;3.41;1.275332
31.07.2013;2.053960584;2.84;1.087724
01.08.2013;0;5.36;0.92556
02.08.2013;0;5.42;0.67994
03.08.2013;0;3.33;0.601056
04.08.2013;0;4.69;0.555497
05.08.2013;0;4.82;0.514584
06.08.2013;7.303333928;3.79;1.105949
07.08.2013;3.80855636;2.17;0.928021
08.08.2013;0.100919618;1.79;0.842865
09.08.2013;0;2.51;0.757447
10.08.2013;0;3.38;0.64441
11.08.2013;0;3.62;0.523785
12.08.2013;7.477542821;2.06;0.90173
13.08.2013;0.100209282;2.86;0.752233
14.08.2013;0;3.23;0.67974
15.08.2013;0;3.83;0.582552
16.08.2013;0;4.39;0.477594
17.08.2013;0;3.22;0.441798
18.08.2013;0.242794923;1.48;0.388685
19.08.2013;6.434592375;3.16;0.659298
20.08.2013;0;2.5;0.48012
21.08.2013;0;3.82;0.451527
22.08.2013;0;3.77;0.455111
23.08.2013;0;3.04;0.414511
24.08.2013;10.08241353;2.82;0.615602
25.08.2013;6.338278859;1.3;1.954288
26.08.2013;1.339358863;1.34;1.102016
27.08.2013;0;3;0.732772
28.08.2013;0;2.06;0.541513
29.08.2013;0;3.47;0.472273
30.08.2013;0;3.28;0.422664
31.08.2013;3.881978578;1.77;0.5262
01.09.2013;0;2.01;0.539527
02.09.2013;0;1.63;0.373824
03.09.2013;0;1.92;0.34133
04.09.2013;0;3.63;0.308851
05.09.2013;0;3.92;0.282294
06.09.2013;0;3.75;0.389839
07.09.2013;5.254480544;1.62;0.638005
08.09.2013;2.931308381;1.29;0.846853
09.09.2013;8.754058908;2.02;0.864731
10.09.2013;8.642156781;1.22;4.892612
11.09.2013;6.145993078;1.25;4.215498
12.09.2013;0.119762437;1.13;2.351649
13.09.2013;0;1.26;1.379381
14.09.2013;4.481439921;1.1;1.398035
15.09.2013;0.102164633;1.43;1.321851
16.09.2013;2.829495091;1.37;1.438225
17.09.2013;3.019424741;1.55;1.207433
18.09.2013;2.418850364;1.08;1.649967
19.09.2013;0.339904309;1.3;1.248832
20.09.2013;0.416842924;1;1.081575
21.09.2013;0;1.39;0.864161
22.09.2013;0;1.09;0.918095
23.09.2013;0;1.03;1.002674
24.09.2013;0;1.9;1.230696
25.09.2013;0.104126817;1.09;0.961648
26.09.2013;0;1.72;0.870806
27.09.2013;0;1.99;0.783057
28.09.2013;0;1.84;0.862506
29.09.2013;0;2.17;0.719318
30.09.2013;0;1.27;0.70849
01.10.2013;0;1.49;0.551869
02.10.2013;0.139605658;1.56;0.569545
03.10.2013;0.135465455;1.74;0.693346
04.10.2013;0.486915303;0.91;0.569029
05.10.2013;40.09104036;0.76;20.710242
06.10.2013;2.232833805;0.86;18.880871
07.10.2013;0;1.56;6.865578
08.10.2013;0;0.86;4.494264
09.10.2013;3.301907369;0.85;3.55993
10.10.2013;4.255136777;0.87;6.741104
11.10.2013;5.041018327;0.49;6.568946
12.10.2013;1.379946759;0.45;7.008824
13.10.2013;0;0.55;6.229404
14.10.2013;0.492223417;0.91;4.869489
15.10.2013;6.814980741;0.95;7.707324
16.10.2013;0.304096502;0.68;6.104659
17.10.2013;1.505540682;0.82;4.822442
18.10.2013;0.10040615;1.22;4.128956
19.10.2013;0.243177623;1.63;3.766368
20.10.2013;0.114730218;0.84;3.113281
21.10.2013;0.226526953;1.26;2.581633
22.10.2013;0;1.7;2.376996
23.10.2013;7.682525126;1.05;4.885591
24.10.2013;0.933513103;0.97;4.477026
25.10.2013;0.303026512;0.71;3.744079
26.10.2013;5.817549482;0.86;4.321705
27.10.2013;7.935183086;1.27;13.372075
28.10.2013;2.394564061;0.81;10.924528
29.10.2013;0;0.81;7.84025
30.10.2013;0;1.19;6.144879
31.10.2013;0.102589793;0.42;5.52428
01.11.2013;4.536972774;0.48;5.37625
02.11.2013;8.742921673;0.64;23.563112
03.11.2013;2.881930638;0.94;26.079943
04.11.2013;2.417554909;0.55;15.886635
05.11.2013;6.073303558;0.55;13.810492
06.11.2013;2.874053043;0.55;16.200393
07.11.2013;0.108775183;0.69;16.683825
08.11.2013;12.60252541;0.63;26.413423
09.11.2013;1.087939523;0.7;39.878779
10.11.2013;0.756460321;0.41;29.035381
11.11.2013;0;0.67;22.71978
12.11.2013;0.203469691;0.3;19.457412
13.11.2013;0.405318362;0.55;16.657586
14.11.2013;0.103863682;0.15;14.983722
15.11.2013;0;0.5;12.390164
16.11.2013;0;0.22;10.322547
17.11.2013;0;0.18;9.210179
18.11.2013;0;0.32;8.780785
19.11.2013;4.75061329;0.32;8.341947
20.11.2013;3.832149213;0.3;15.653733
21.11.2013;0.960402178;0.19;13.222447
22.11.2013;0;0.21;11.520031
23.11.2013;0;0.33;9.950161
24.11.2013;0.17472882;0.4;8.831097
25.11.2013;0;0;8.149278
26.11.2013;0.103396806;0;7.775023
27.11.2013;0;0;7.094008
28.11.2013;0.209165999;0.04;6.339268
29.11.2013;2.96566331;0.22;6.693626
30.11.2013;0.116078324;0.32;6.767524
01.12.2013;0;0.38;6.159252
02.12.2013;0.121298543;0.46;5.712104
03.12.2013;0.103646034;0;5.713076
04.12.2013;0.123601635;0.12;5.09869
05.12.2013;3.402407102;0.16;5.265348
06.12.2013;3.861503302;0.12;5.7021
07.12.2013;1.138084118;0.2;5.441679
08.12.2013;0;0.34;5.905663
09.12.2013;0;0.37;5.57394
10.12.2013;0;0.32;5.182886
11.12.2013;0;0.31;5.25084
12.12.2013;0;0.2;5.425117
13.12.2013;0;0.12;5.185625
14.12.2013;0.930704948;0.11;4.845879
15.12.2013;0.308176053;0.11;4.671676
16.12.2013;0.100456762;0;4.840734
17.12.2013;0.105810912;0;4.596398
18.12.2013;0.10402947;0;4.145028
19.12.2013;2.686598633;0.32;4.403819
20.12.2013;0.220794354;0.19;3.980393
21.12.2013;0.145733961;0.11;3.824123
22.12.2013;4.618957859;0.41;3.94586
23.12.2013;4.771291202;0.53;12.347619
24.12.2013;0.622817277;0.48;10.176256
25.12.2013;5.386000407;0.4;15.453304
26.12.2013;2.389800342;0.33;14.312491
27.12.2013;0.154930708;0.35;15.322006
28.12.2013;3.935106315;0.42;14.652353
29.12.2013;1.77139605;0.27;22.499784
30.12.2013;0.232819401;0.14;18.27357
31.12.2013;0;0.19;17.510973
01.01.2014;0.948386327;0.28;16.402562
02.01.2014;1.443235282;0.35;15.506874
03.01.2014;0.53317163;0.37;13.986495
04.01.2014;0;0.33;13.023909
05.01.2014;2.291219427;0.39;13.422182
06.01.2014;6.278177447;0.3;12.729805
07.01.2014;1.368826654;0.9;21.626249
08.01.2014;0.251187761;0.73;18.437388
09.01.2014;5.443311512;0.42;20.405184
10.01.2014;0;0.53;22.715288
11.01.2014;0.357233526;0.16;20.297429
12.01.2014;0;0.17;18.259541
13.01.2014;0.10513426;0.11;16.803059
14.01.2014;0;0.23;15.761204
15.01.2014;0.3697866;0.27;14.120361
16.01.2014;3.253825766;0.31;14.246247
17.01.2014;0.117449085;0.65;14.519285
18.01.2014;0.108601598;0.09;13.089396
19.01.2014;0.103137728;0.17;11.8654
20.01.2014;0;0.19;10.879708
21.01.2014;1.63522922;0.16;20.234155
22.01.2014;0;0.23;22.748368
23.01.2014;2.558914396;0.23;20.690171
24.01.2014;1.188167635;0.19;22.405199
25.01.2014;0.237105868;0.02;21.169239
26.01.2014;6.395365353;0.26;27.833506
27.01.2014;3.105051214;0.3;44.774207
28.01.2014;0.136144794;0.31;37.473603
29.01.2014;0;0.06;33.194181
30.01.2014;0;0.03;29.561037
31.01.2014;0;0.1;26.639798
01.02.2014;5.471619376;0.18;24.925277
02.02.2014;0;0.41;23.970456
03.02.2014;0.112128324;0.11;21.386039
04.02.2014;0;0.21;19.242926
05.02.2014;0.365005327;0.11;17.987006
06.02.2014;0.11379492;0.71;16.255086
07.02.2014;0.379268781;0.63;14.467703
08.02.2014;3.236321079;0.36;15.012038
09.02.2014;0;0.48;14.740248
10.02.2014;0.678751975;0.2;13.462218
11.02.2014;0;0.41;12.230738
12.02.2014;1.179094273;0.7;11.622273
13.02.2014;13.86387956;0.38;17.215045
14.02.2014;1.558715096;0.53;20.917042
15.02.2014;0.157927664;0.58;19.330026
16.02.2014;0.275376278;0.69;18.266869
17.02.2014;0.100364822;0.33;17.208793
18.02.2014;0.099439631;0.15;16.56007
19.02.2014;1.625468105;0.68;16.390069
20.02.2014;0;0.67;15.421818
21.02.2014;2.748183214;0.85;14.713906
22.02.2014;0.256224276;0.41;13.79492
23.02.2014;0;0.65;12.658862
24.02.2014;0.099477577;0.79;11.950986
25.02.2014;0.159998907;0.73;11.492567
26.02.2014;0.314258275;0.63;10.75553
27.02.2014;1.603695597;0.6;10.356378
28.02.2014;0.684543845;0.54;11.001998
01.03.2014;0;0.48;10.782335
02.03.2014;1.167955234;0.32;10.164323
03.03.2014;0.146520704;0.3;9.602984
04.03.2014;0;0.68;8.703207
05.03.2014;1.127250273;0.75;8.046729
06.03.2014;0.102374926;0.35;7.306062
07.03.2014;0.100088664;0.87;6.844349
08.03.2014;0;1.21;6.46795
09.03.2014;0.099439631;1.32;6.074865
10.03.2014;0.09950289;1.53;5.632728
11.03.2014;0;1.89;5.757862
12.03.2014;0;1.79;5.745789
13.03.2014;0.100239136;1.67;5.023196
14.03.2014;0;1.71;4.786958
15.03.2014;1.411483572;0.76;5.101086
16.03.2014;0;0.94;4.696422
17.03.2014;0;0.82;4.425823
18.03.2014;0.120484083;0.78;4.429503
19.03.2014;5.23034353;1.29;6.119827
20.03.2014;0;2.3;5.219167
21.03.2014;0.119259509;1.86;5.107963
22.03.2014;5.766178754;0.71;5.540585
23.03.2014;0.101320514;0.69;5.775728
24.03.2014;0.101729075;0.56;5.404966
25.03.2014;0.099439631;0.83;5.262563
26.03.2014;0.100778681;0.91;5.072437
27.03.2014;0;1.83;4.864914
28.03.2014;0;2.24;4.384758
29.03.2014;0;2.25;4.088648
30.03.2014;0;2.12;4.106752
31.03.2014;0;0.98;4.452076
01.04.2014;0;2.19;4.757175
02.04.2014;0;2.52;4.555513
03.04.2014;0;1.88;4.361442
04.04.2014;0;1.15;4.268695
05.04.2014;1.695983789;1.09;4.272012
06.04.2014;0;1.64;3.979665
07.04.2014;0;2.2;3.622333
08.04.2014;3.042809055;1.49;3.758216
09.04.2014;0.108498089;1.32;3.608329
10.04.2014;0;1.09;3.432004
11.04.2014;0;1.19;3.407258
12.04.2014;0;1.85;3.241566
13.04.2014;0;1.74;3.07616
14.04.2014;4.053591011;1.87;3.137765
15.04.2014;0.216484055;0.73;3.233944
16.04.2014;0;1.8;3.032272
17.04.2014;0.158605057;2.5;2.698903
18.04.2014;0.48249597;2.26;2.692598
19.04.2014;0;2.24;2.575222
20.04.2014;0;3.35;2.243782
21.04.2014;1.599353843;2.06;2.159488
22.04.2014;1.47875484;1.69;2.362529
23.04.2014;0.100209282;2.31;2.259015
24.04.2014;0;3.44;1.995259
25.04.2014;0;3.49;6.061627
26.04.2014;1.274750477;1.78;17.877588
27.04.2014;13.7807287;1.19;18.208916
28.04.2014;0.422402212;1.2;8.376963
29.04.2014;7.204461755;1.69;7.780429
30.04.2014;0;2.58;5.718117
01.05.2014;0;1.91;3.92954
02.05.2014;0.742399293;1.34;3.377782
03.05.2014;0;2.13;2.968987
04.05.2014;0;2.77;2.474647
05.05.2014;0;3.26;1.97248
06.05.2014;0.645554076;1.9;1.775615
07.05.2014;6.34001138;2.41;1.813361
08.05.2014;4.025745595;1.54;1.778631
09.05.2014;1.40698932;2.83;1.728317
10.05.2014;3.02118618;1.24;2.212913
11.05.2014;2.975477877;2.54;3.405043
12.05.2014;0.587034274;2.4;2.560105
13.05.2014;0.316646168;1.56;2.409335
14.05.2014;0;2.12;2.000632
15.05.2014;0;1.12;1.830519
16.05.2014;0.122447738;3.59;1.347028
17.05.2014;0;3.56;1.147602
18.05.2014;0;4.16;0.802111
19.05.2014;0;4.27;0.662873
20.05.2014;0;4.78;0.336109
21.05.2014;0;3.94;0.204309
22.05.2014;3.085495713;4.36;0.187829
23.05.2014;4.809148968;2.4;0.612968
24.05.2014;0;2.51;0.367509
25.05.2014;0;4.31;0.245181
26.05.2014;2.864431039;1.54;0.501683
27.05.2014;0.421848386;1.58;1.725654
28.05.2014;0.107030974;1.46;1.040421
29.05.2014;0;1.33;1.321179
30.05.2014;0.10408533;2.11;1.167457
31.05.2014;0;3.19;0.561848
01.06.2014;0;2.51;0.453851
02.06.2014;0;3.94;0.320873
03.06.2014;0;3.51;0.57499
04.06.2014;0;3.07;0.962808
05.06.2014;0;3.86;0.794953
06.06.2014;0.908100562;4.67;0.611382
07.06.2014;0;4.51;0.442098
08.06.2014;0;5.77;0.312218
09.06.2014;0.793544975;5.85;2.411733
10.06.2014;0.556050034;3.87;0.660839
11.06.2014;0.624533322;2.76;43.112973
12.06.2014;0.151967188;4.93;8.382199
13.06.2014;0.157538759;4.04;4.601254
14.06.2014;0;2.17;3.150225
15.06.2014;0;3.94;2.241361
16.06.2014;0;3.27;1.710589
17.06.2014;0;3.16;1.321116
18.06.2014;0;4.23;0.992249
19.06.2014;0.144758038;2.19;0.83431
20.06.2014;0;1.76;0.705359
21.06.2014;0;2.92;0.53187
22.06.2014;0;3.15;0.521248
23.06.2014;0;3.83;2.429528
24.06.2014;2.567664009;3.05;2.493053
25.06.2014;0.112722143;2.67;3.021535
26.06.2014;0;2.91;2.497373
27.06.2014;0;3.48;1.406698
28.06.2014;1.710331651;1.94;0.325878
29.06.2014;1.488324257;1.96;0.48305
30.06.2014;0.295577223;2.92;0.4799
01.07.2014;0.11787906;3.98;0.178667
02.07.2014;0;4.86;0.141846
03.07.2014;0;5.41;0.064718
04.07.2014;0;4.66;0.095529
05.07.2014;0;2.26;0.048156
06.07.2014;2.248664975;4.06;0.054958
07.07.2014;0.857062955;2.48;0.028481
08.07.2014;0;1.6;2.140779
09.07.2014;0;1.43;12.23773
10.07.2014;0;2.63;6.930812
11.07.2014;0;3.45;5.769309
12.07.2014;0;3.31;6.360065
13.07.2014;0;2.09;4.393855
14.07.2014;0;3.63;3.301672
15.07.2014;0;4.95;1.665133
16.07.2014;0;4.33;0.953405
17.07.2014;0;5.46;0.603603
18.07.2014;0;5.79;0.396544
19.07.2014;0;5.49;0.272296
20.07.2014;4.272633779;2.33;0.191608
21.07.2014;2.731234062;2.14;0.572678
22.07.2014;4.15904732;4.45;0.367916
23.07.2014;0;4.92;0.149399
24.07.2014;12;4.24;10.782832
25.07.2014;0.127524398;4.28;1.04539
26.07.2014;0;3.48;0.404255
27.07.2014;0;4.48;0.249827
28.07.2014;21.9359785;3.4;0.240198
29.07.2014;0.98315524;1.91;22.17303
30.07.2014;5.794436104;1.94;27.678204
31.07.2014;0;4.77;10.559264
01.08.2014;0;4.78;6.545522
02.08.2014;0;3.31;4.452096
03.08.2014;0;2.68;3.019714
04.08.2014;1.420435897;2.93;2.385858
05.08.2014;5.473793097;2.48;2.355767
06.08.2014;0;2.79;1.913621
07.08.2014;0.720042872;2.98;1.327966
08.08.2014;1.051967891;3.71;1.157623
09.08.2014;1.372515937;3.34;0.624994
10.08.2014;13.95117727;2.11;4.918633
11.08.2014;0.101255396;3.88;3.241756
12.08.2014;0.203677102;3.41;1.491187
13.08.2014;15.40990951;1.68;4.629456
14.08.2014;4.483376092;2.44;5.725008
15.08.2014;2.987380349;1.44;6.885889
16.08.2014;1.211047331;2.18;5.674565
17.08.2014;0;2.11;4.397387
18.08.2014;0.335573939;2.54;3.264936
19.08.2014;0.131819466;2.41;2.93412
20.08.2014;0;2.87;2.433526
21.08.2014;0;3.22;2.016218
22.08.2014;0;2.14;1.825354
23.08.2014;4.836148848;2.16;1.400093
24.08.2014;0;2.2;1.391853
25.08.2014;2.019839566;1.31;1.586774
26.08.2014;23.93929942;1.2;10.742235
27.08.2014;1.007975167;3.68;16.10069
28.08.2014;0;2.26;7.937963
29.08.2014;1.508595429;2.36;5.641862
30.08.2014;0.603208138;1.69;4.662251
31.08.2014;0.314533823;1.7;4.121519
01.09.2014;0;1.76;3.558841
02.09.2014;0.122789935;1.69;3.101579
03.09.2014;0;1.51;2.848482
04.09.2014;0;1.76;2.643328
05.09.2014;0;2.47;2.343579
06.09.2014;1.188701685;2.9;1.951323
07.09.2014;0.100621026;2.3;1.664725
08.09.2014;0;2.43;1.24396
09.09.2014;0;2.29;1.175226
10.09.2014;0;1.18;1.290439
11.09.2014;0.573542154;1.59;1.297954
12.09.2014;0.176962641;1.15;1.373099
13.09.2014;0;1.27;1.175248
14.09.2014;0;2.03;1.157704
15.09.2014;0;1.2;1.06586
16.09.2014;0;2.55;1.009118
17.09.2014;0;3.09;0.956732
18.09.2014;2.528926233;1.25;0.829029
19.09.2014;0.201230414;1.65;0.789098
20.09.2014;4.367034789;1.37;1.021417
21.09.2014;10.07413991;1.13;6.806666
22.09.2014;8.794258963;1.48;3.209986
23.09.2014;0;1.67;2.412663
24.09.2014;0.408314915;1.11;1.847794
25.09.2014;0.22414206;1.27;1.205711
26.09.2014;0;1.02;1.031828
27.09.2014;0;1.99;1.045336
28.09.2014;0;1.84;1.03605
29.09.2014;0.205497416;1.2;0.895678
30.09.2014;0;1.17;0.895646
01.10.2014;0;1.62;0.768337
02.10.2014;0;2.47;0.762039
03.10.2014;0;2.27;0.80618
04.10.2014;0;1.97;0.789423
05.10.2014;0;1.05;0.755405
06.10.2014;0;0.85;0.795363
07.10.2014;12.90835284;0.95;1.464892
08.10.2014;4.244250772;0.85;0.381115
09.10.2014;6.34460647;0.94;3.701762
10.10.2014;1.024488302;1.04;21.79129
11.10.2014;0.508479833;1.09;7.906865
12.10.2014;0.311250341;0.92;6.586355
13.10.2014;0.33430835;0.99;7.582256
14.10.2014;0.211476903;1.16;3.415751
15.10.2014;0.304725347;1.33;4.286405
16.10.2014;0.3071821;0.93;5.369749
17.10.2014;0.303944237;0.93;5.116028
18.10.2014;0.334764647;1.61;4.399485
19.10.2014;0.339054767;1.4;3.902477
20.10.2014;0.420583244;1.24;3.838424
21.10.2014;0.450302243;0.68;3.660142
22.10.2014;0.670948415;0.57;3.992868
23.10.2014;0.422616155;0.76;3.79147
24.10.2014;0;0.82;3.727811
25.10.2014;1.303564003;0.64;3.703265
26.10.2014;0;0.93;3.459456
27.10.2014;0;0.56;3.219703
28.10.2014;0;0.49;3.302464
29.10.2014;0.62744644;0.66;3.361036
30.10.2014;0;0.61;2.903047
31.10.2014;0;0.63;2.633504
01.11.2014;0.1042938;0.82;2.635834
02.11.2014;0;0.58;2.501883
03.11.2014;3.341473125;0.69;2.543623
04.11.2014;1.272403943;0.66;3.167745
05.11.2014;2.059249105;0.55;3.864357
06.11.2014;0;0.61;3.404734
07.11.2014;0.355935931;0.3;3.202559
08.11.2014;0;0.68;2.964546
09.11.2014;0.100209282;0.31;2.976025
10.11.2014;0.307990821;0.45;2.69322
11.11.2014;0;0.47;2.795811
12.11.2014;0.501276759;0.48;2.622937
13.11.2014;0.10201513;0.57;2.555214
14.11.2014;0;0.52;2.56229
15.11.2014;3.656798953;0.52;2.638485
16.11.2014;11.72843921;0.48;31.488017
17.11.2014;0.667950293;0.63;21.020167
18.11.2014;6.352371922;0.45;20.322369
19.11.2014;0.540674623;0.42;30.802991
20.11.2014;0;0.39;21.899784
21.11.2014;0;0.49;18.349493
22.11.2014;0.099947961;0.18;15.648073
23.11.2014;0;0.61;13.150718
24.11.2014;0.103475817;0.45;11.367915
25.11.2014;0.112064056;0.02;10.134425
26.11.2014;0.107637521;0.15;9.134086
27.11.2014;0.830690006;0.3;8.580387
28.11.2014;0;0.21;7.949374
29.11.2014;0;0.21;7.134789
30.11.2014;0;0.19;6.831031
01.12.2014;0.173953082;0.12;6.298394
02.12.2014;0;0;5.682744
03.12.2014;0;0;5.236759
04.12.2014;0;0.04;4.837591
05.12.2014;0;0.16;4.57932
06.12.2014;0;0.17;4.416231
07.12.2014;1.28107185;0.26;4.447125
08.12.2014;0.100209282;0.2;3.589774
09.12.2014;0;0.05;2.501976
10.12.2014;1.034788345;0.18;2.537322
11.12.2014;12.68598251;0.28;4.720196
12.12.2014;9.217706401;0.41;8.400103
13.12.2014;11.38168525;0.23;55.754499
14.12.2014;2.387615834;0.15;56.925713
15.12.2014;0.114833696;0.17;37.351264
16.12.2014;0.907321596;0.29;29.442102
17.12.2014;1.068943754;0.25;27.635014
18.12.2014;0;0.48;23.907361
19.12.2014;8.594827813;0.46;36.527435
20.12.2014;2.988231831;0.29;37.495845
21.12.2014;0;0.33;30.06876
22.12.2014;0.352866143;0.4;25.625006
23.12.2014;0;0.45;21.587337
24.12.2014;1.053555123;0.39;19.046663
25.12.2014;0.173863877;0.27;16.802984
26.12.2014;0.110675885;0.14;14.815289
27.12.2014;0;0;15.56601
28.12.2014;0;0;13.843208
29.12.2014;1.263365573;0;12.092481
30.12.2014;5.869050266;0.11;12.295662
31.12.2014;0.52731951;0.17;20.628504
01.01.2015;0;0.13;37.112862
02.01.2015;2.197111019;0.17;43.273249
03.01.2015;2.076041355;0.12;44.557048
04.01.2015;2.804424631;0.22;51.701439
05.01.2015;0;0.09;44.809784
06.01.2015;0;0;36.517261
07.01.2015;0.626216693;0.12;31.415337
08.01.2015;7.633275562;0.3;46.565012
09.01.2015;3.189849889;0.42;62.535972
10.01.2015;4.716378499;0.71;95.546467
11.01.2015;0.572855892;0.26;67.769521
12.01.2015;0.575470454;0.36;50.973385
13.01.2015;2.766794222;0.78;42.971926
14.01.2015;6.56335584;0.32;45.285769
15.01.2015;0.271202152;0.4;41.46464
16.01.2015;1.167951848;0.35;36.660865
17.01.2015;0.100646727;0.25;31.972864
18.01.2015;0.11728215;0;27.878203
19.01.2015;0;0;24.917963
20.01.2015;0;0;22.776854
21.01.2015;0;0;19.787732
22.01.2015;0;0;17.403546
23.01.2015;0;0.03;15.365005
24.01.2015;0.099439631;0;14.718248
25.01.2015;0.562306516;0.09;14.234321
26.01.2015;3.700413666;0.13;17.325765
27.01.2015;0.572507353;0.24;19.867556
28.01.2015;4.258330846;0.24;21.485107
29.01.2015;2.856021716;0.21;28.865749
30.01.2015;1.744560566;0.11;41.13121
31.01.2015;0;0.1;30.669403
01.02.2015;0.315477219;0.02;27.086405
02.02.2015;0.330489384;0.12;25.572126
03.02.2015;0.225728284;0.05;24.855957
04.02.2015;0;0;21.693786
05.02.2015;0.113985685;0;19.153205
06.02.2015;0;0;17.01986
07.02.2015;0;0;15.143354
08.02.2015;0;0.37;14.196389
09.02.2015;0;0.26;13.361797
10.02.2015;0;0.34;13.111779
11.02.2015;0;0.21;12.456951
12.02.2015;0;0.07;12.076192
13.02.2015;0;0.05;11.825054
14.02.2015;0;0.15;11.240578
15.02.2015;0;0;10.429445
16.02.2015;0;0.01;9.468975
17.02.2015;0;0.22;8.781588
18.02.2015;0;0.28;7.877925
19.02.2015;0;0.05;7.567328
20.02.2015;0;0.51;7.555873
21.02.2015;0.729364088;0.44;8.008075
22.02.2015;0;0.28;7.279157
23.02.2015;6.653893059;0.11;8.556553
24.02.2015;1.691584779;0.43;10.422203
25.02.2015;0.219177807;0.32;9.706447
26.02.2015;0.305782636;0.42;9.147714
27.02.2015;7.456286464;0.35;17.397023
28.02.2015;0.100934759;0.37;19.164292
01.03.2015;4.100608595;0.57;19.260996
02.03.2015;6.189282754;0.81;23.049969
03.03.2015;2.351472124;0.94;24.241514
04.03.2015;0.880948936;0.54;24.591998
05.03.2015;0;0.6;23.805212
06.03.2015;0;0.36;23.536056
07.03.2015;0.134325538;0.4;22.296821
08.03.2015;0;0.87;21.093932
09.03.2015;0;1.07;19.101897
10.03.2015;0.306174652;0.42;18.457518
11.03.2015;0.106222312;0.81;17.109674
12.03.2015;0.129317835;0.97;15.406941
13.03.2015;0;0.26;14.384062
14.03.2015;0.416153117;0.3;13.163393
15.03.2015;1.838324468;0.43;12.834546
16.03.2015;0.127764601;1.1;12.874396
17.03.2015;0;1.69;12.826044
18.03.2015;0;1.9;11.479469
19.03.2015;0;1.71;10.71069
20.03.2015;0;1.23;10.442393
21.03.2015;0.517761395;0.49;9.770026
22.03.2015;0;0.37;8.77863
23.03.2015;0.10170923;0.36;8.606823
24.03.2015;0;0.51;8.350472
25.03.2015;0;1.84;8.090294
26.03.2015;0;0.79;8.420092
27.03.2015;0.729811067;0.76;7.504301
28.03.2015;0;1.58;6.603398
29.03.2015;13.6841915;0.93;12.17778
30.03.2015;2.905550098;1.71;19.421716
31.03.2015;18.33312932;1.56;46.153929
01.04.2015;5.375644914;0.86;41.535136
02.04.2015;4.834739785;1.11;48.861515
03.04.2015;0;1.7;42.432497
04.04.2015;0.125167778;0.99;39.97278
05.04.2015;0;1.12;33.667576
06.04.2015;0;0.63;29.770818
07.04.2015;0;1.26;26.251769
08.04.2015;0;2.19;22.629107
09.04.2015;0;2.85;20.687718
10.04.2015;0;3.23;18.616907
11.04.2015;0.143457461;1.53;16.784894
12.04.2015;0;2.66;14.743109
13.04.2015;0;2.32;12.974395
14.04.2015;0;2.9;11.825997
15.04.2015;0;3.79;10.936816
16.04.2015;0;3.12;9.816939
17.04.2015;1.739361299;2.22;9.527835
18.04.2015;0;2.22;8.831997
19.04.2015;0;2.59;8.040308
20.04.2015;0;3.19;7.446125
21.04.2015;0;3.61;6.54149
22.04.2015;0;2.62;6.063128
23.04.2015;0;3.06;5.584067
24.04.2015;0;3.54;5.040144
25.04.2015;1.036051027;1.11;5.087515
26.04.2015;2.061346786;2.09;5.110306
27.04.2015;15.08287028;1.11;10.767407
28.04.2015;0;2.44;8.574511
29.04.2015;0;2.2;6.629398
30.04.2015;4.495005735;1.5;6.468695
01.05.2015;0.201853597;1.12;6.651212
02.05.2015;0;2.58;5.644016
03.05.2015;4.624674841;1.25;5.931206
04.05.2015;0.611214655;3.14;5.099102
05.05.2015;0.713806452;2.84;4.259448
06.05.2015;0.130481147;3.09;4.292848
07.05.2015;0;3.46;4.57915
08.05.2015;0;2.71;4.238458
09.05.2015;4.416673607;2.12;4.102291
10.05.2015;0.110489032;2.87;3.860088
11.05.2015;0;3.49;3.540893
12.05.2015;0.99141461;3.37;3.313754
13.05.2015;0;3.89;2.937645
14.05.2015;0;3.62;2.837783
15.05.2015;0;3.9;2.334776
16.05.2015;0.455450258;2.14;2.668704
17.05.2015;0.100209282;3.13;2.606509
18.05.2015;0;4.32;2.260054
19.05.2015;0.100215881;3;1.993653
20.05.2015;0.240429943;1.85;1.969968
21.05.2015;0;2.77;1.849542
22.05.2015;0;3.77;1.622966
23.05.2015;0;1.54;1.627196
24.05.2015;0;1.94;1.526816
25.05.2015;0.763212906;2.08;1.702871
26.05.2015;0;1.46;1.653256
27.05.2015;0;1.25;1.587107
28.05.2015;0;2.02;1.372065
29.05.2015;0.714781746;2.49;1.494517
30.05.2015;1.797434336;2.65;1.508525
31.05.2015;0;2.24;1.343536
01.06.2015;1.9077524;2.25;1.643991
02.06.2015;0;2.7;1.283713
03.06.2015;0;3.39;0.913469
04.06.2015;0.111569687;4.98;0.795185
05.06.2015;0;5.79;0.653788
06.06.2015;1.968594361;4.08;0.572147
07.06.2015;0;4.79;0.522457
08.06.2015;0;3.03;0.535302
09.06.2015;0;3.22;0.602977
10.06.2015;0;3.44;0.479275
11.06.2015;0;3.04;0.456393
12.06.2015;0;4.86;0.395009
13.06.2015;0;2.77;0.431227
14.06.2015;0;5.51;0.38527
15.06.2015;0;2.88;0.321956
16.06.2015;0;3.72;0.338222
17.06.2015;0;4.06;0.37645
18.06.2015;4.311581277;2.51;0.694069
19.06.2015;0.100497674;1.39;0.650672
20.06.2015;0.162975391;1.51;0.579808
21.06.2015;1.552314127;1.71;1.523814
22.06.2015;0.617895402;1.38;2.825669
23.06.2015;10.47449707;1.86;3.714022
24.06.2015;0;2.37;1.638874
25.06.2015;0;3.79;1.051155
26.06.2015;0;2.99;0.689037
27.06.2015;5.762995105;3.01;0.852325
28.06.2015;0;4.3;0.537126
29.06.2015;0;4.79;0.426541
30.06.2015;0;5.77;0.140329
01.07.2015;0;6.03;0.216116
02.07.2015;0;6.16;0.206475
03.07.2015;0;5.69;0.306456
04.07.2015;0;5.77;0.333392
05.07.2015;2.164609861;5.01;0.150782
06.07.2015;0.671559919;5.52;0.310616
07.07.2015;1.073044637;4.43;0.315667
08.07.2015;0.4049572;2.69;0.284107
09.07.2015;0;3.21;0.365145
10.07.2015;0;4.93;0.36325
11.07.2015;0;4.63;0.342682
12.07.2015;0.742175486;3.28;0.22183
13.07.2015;0.917812515;1.61;0.437654
14.07.2015;0.335801186;2.14;0.482093
15.07.2015;0;3.18;0.398528
16.07.2015;0;4.95;0.316123
17.07.2015;0;4.67;0.262393
18.07.2015;0;4.7;0.08223
19.07.2015;18.5499668;2.41;4.793734
20.07.2015;0.711446537;1.83;0.623911
21.07.2015;0;4.83;0.392438
22.07.2015;0;4.22;0.263452
23.07.2015;0;4;0.178808
24.07.2015;1.161745747;3.75;0.050885
25.07.2015;4.739583375;2.86;0.336215
26.07.2015;1.023947168;3.27;0.290719
27.07.2015;4.775790837;1.94;0.564419
28.07.2015;0.22046942;2.71;0.313909
29.07.2015;0;3.46;0.193449
30.07.2015;0.310739687;2.57;0.157555
31.07.2015;0;4.38;0.181167
01.08.2015;0;3.82;0.14496
02.08.2015;0;4.89;0.127533
03.08.2015;0;5.24;0.153291
04.08.2015;5.275810734;2.84;0.179845
05.08.2015;0;3.58;0.179909
06.08.2015;0;4.63;0.113079
07.08.2015;0;5.29;0.086913
08.08.2015;0.838703273;3.79;0.054659
09.08.2015;0;2.86;0.055128
10.08.2015;18.45712161;3.91;4.067164
11.08.2015;0.203727284;3.24;0.321283
12.08.2015;0;3.99;0.14527
13.08.2015;0;5.06;0.134175
14.08.2015;0.300627846;2.89;0.047637
15.08.2015;0.101148058;2.41;0.047741
16.08.2015;13.96655107;1.4;0.945726
17.08.2015;13.0154946;1.3;1.553669
18.08.2015;0;1.52;0.886208
19.08.2015;0.103992367;2.39;0.345045
20.08.2015;0;3.06;0.257407
21.08.2015;0;3.77;0.233115
22.08.2015;0;3.92;0.282097
23.08.2015;0.101825612;3.62;0.265316
24.08.2015;5.562099678;1.85;0.383227
25.08.2015;0;2.32;0.782742
26.08.2015;0;4.18;0.252642
27.08.2015;5.541019025;1.51;0.259085
28.08.2015;5.502802797;1.83;1.389353
29.08.2015;0;3.75;0.434066
30.08.2015;0;4.14;0.282558
31.08.2015;0.114274753;4.47;0.20771
01.09.2015;18.47829078;1.46;0.461493
02.09.2015;0.100209282;2.35;0.220189
03.09.2015;0;3.18;0.285524
04.09.2015;0;1.98;0.316121
05.09.2015;2.091075744;1.48;0.235072
06.09.2015;0.940822544;1.88;0.227215
07.09.2015;0.316429087;1.33;0.214042
08.09.2015;0.231054006;1.47;0.241931
09.09.2015;0;2.2;0.274223
10.09.2015;0;2.65;0.317282
11.09.2015;0;2.69;0.388467
12.09.2015;0;1.88;0.361774
13.09.2015;1.050664421;1.51;0.355183
14.09.2015;1.573098864;1.55;0.268506
15.09.2015;0.463845252;1.58;0.356508
16.09.2015;15.0852756;1.06;0.842125
17.09.2015;4.754206198;1.05;0.82415
18.09.2015;1.352306651;1.51;0.514047
19.09.2015;0.249046217;1.39;0.358904
20.09.2015;0;1.36;0.387005
21.09.2015;0;1.71;0.556901
22.09.2015;7.590314374;0.98;0.9087
23.09.2015;0.914729461;0.93;0.642797
24.09.2015;0.105731773;1.92;0.456008
25.09.2015;0;1.67;0.460169
26.09.2015;0;0.96;0.721392
27.09.2015;0;2.14;0.688831
28.09.2015;0;2.08;0.656706
29.09.2015;0;2.14;0.620153
30.09.2015;0;2.15;0.513464
01.10.2015;0;1.97;0.454253
02.10.2015;0;1.99;0.641321
03.10.2015;0;1.97;0.621185
04.10.2015;0;0.98;0.622735
05.10.2015;0.901883538;1.39;0.518392
06.10.2015;4.40263371;0.95;0.388521
07.10.2015;0;1.06;0.427714
08.10.2015;1.61427714;0.89;0.464805
09.10.2015;6.348355114;0.82;1.353489
10.10.2015;0;1.69;0.639001
11.10.2015;0;1.41;0.683847
12.10.2015;0.220095833;0.94;0.801054
13.10.2015;0.288329493;0.33;0.862333
14.10.2015;1.197675706;0.32;0.964854
15.10.2015;16.6273538;0.32;2.793781
16.10.2015;0.100545929;0.47;2.877023
17.10.2015;0;0.49;1.343599
18.10.2015;1.472179303;0.47;0.997485
19.10.2015;0.423122991;0.49;0.76709
20.10.2015;0.410582301;0.9;0.747152
21.10.2015;9.153286597;0.62;0.583958
22.10.2015;0;0.62;0.45371
23.10.2015;0;1.33;0.551057
24.10.2015;0;0.46;0.526463
25.10.2015;0.301801979;0.63;0.512561
26.10.2015;0;1.34;0.66113
27.10.2015;0.110131401;1.01;0.637831
28.10.2015;0;0.55;0.676474
29.10.2015;0.307945995;0.63;0.598415
30.10.2015;0;0.78;0.666631
31.10.2015;0;0.77;0.732306
01.11.2015;0;0.6;0.811233
02.11.2015;0.101460971;0.49;0.808923
03.11.2015;0;0.33;0.777881
04.11.2015;0;0.35;0.765854
05.11.2015;0.201751349;0.98;0.776858
06.11.2015;0.205581155;0.64;0.620153
07.11.2015;0.601373503;0.75;0.522026
08.11.2015;0;0.95;0.581254
09.11.2015;1.150310197;0.75;0.490283
10.11.2015;0;0.68;0.453829
11.11.2015;0;0.95;0.4192
12.11.2015;0;0.86;0.413633
13.11.2015;1.449292275;0.52;0.430706
14.11.2015;0.235410377;0.51;0.521205
15.11.2015;0.555875606;0.59;0.489393
16.11.2015;0.240938014;0.54;0.429516
17.11.2015;8.449224568;0.61;1.462533
18.11.2015;1.755325032;0.66;1.335369
19.11.2015;18.27323007;0.69;3.106473
20.11.2015;3.521850818;0.42;7.103129
21.11.2015;1.348400749;0.24;4.295873
22.11.2015;0.105311222;0.21;2.451987
23.11.2015;0.433366928;0.14;1.864489
24.11.2015;0.120211584;0;1.593253
25.11.2015;3.508738949;0.15;2.038703
26.11.2015;0.110528991;0.29;1.835579
27.11.2015;0;0.03;1.627768
28.11.2015;0.654330392;0.27;1.460863
29.11.2015;15.39886263;0.41;7.73805
30.11.2015;26.36632411;0.45;21.64296
01.12.2015;6.562073855;0.49;34.297636
02.12.2015;0.116859243;0.46;24.573917
03.12.2015;0.102987071;0.46;15.602492
04.12.2015;1.47904194;0.26;11.866875
05.12.2015;0.109246337;0.17;9.220344
06.12.2015;0.233395915;0.39;7.908478
07.12.2015;0;0.68;6.490688
08.12.2015;0.108273225;0.18;5.770311
09.12.2015;1.713607698;0.37;5.588081
10.12.2015;0;0.13;4.609157
11.12.2015;5.123945131;0.19;4.870496
12.12.2015;1.035770485;0.38;10.322082
13.12.2015;0.211855012;0.38;8.855462
14.12.2015;0.202589302;0.42;8.197842
15.12.2015;0;0.19;7.100896
16.12.2015;2.739947281;0.38;7.59766
17.12.2015;0.108460496;0.49;7.969175
18.12.2015;0.613575879;0.5;7.270544
19.12.2015;0;0.49;6.740516
20.12.2015;0;0.4;6.351479
21.12.2015;2.460479131;0.49;6.124973
22.12.2015;1.616502071;0.49;6.457674
23.12.2015;0;0.59;6.222186
24.12.2015;0;0.5;5.642859
25.12.2015;3.802154414;0.46;5.886817
26.12.2015;0.10366619;0.92;6.231738
27.12.2015;0;0.29;5.68726
28.12.2015;0.103475817;0.19;5.047149
29.12.2015;0.117668113;0.35;4.688448
30.12.2015;0;0.28;4.222519
31.12.2015;1.705440938;0.21;4.223433
01.01.2016;0;0.23;4.017889
02.01.2016;8.369063977;0.12;7.317093
03.01.2016;0.588034675;0.15;14.461141
04.01.2016;2.664713628;0.08;15.101703
05.01.2016;0.313912567;0.26;16.96072
06.01.2016;0.927559742;0.28;15.06295
07.01.2016;3.927806081;0.28;14.981331
08.01.2016;0;0.41;16.039465
09.01.2016;0.099528216;0;13.894992
10.01.2016;3.926668473;0.48;13.188682
11.01.2016;4.007747055;0.27;16.235448
12.01.2016;1.591280505;0.36;22.579827
13.01.2016;3.102145333;0.31;24
14.01.2016;1.421460702;0.12;26
15.01.2016;2.531443794;0.13;24
16.01.2016;0.351501461;0.1;22
17.01.2016;0;0;21
18.01.2016;0;0;19
19.01.2016;0;0;18
20.01.2016;0;0;17
21.01.2016;0;0;16
22.01.2016;0;0;15
23.01.2016;1.830081293;0.12;18
24.01.2016;0.811706003;0.2;17
25.01.2016;0.309008813;0.37;17
26.01.2016;0;0.34;13
27.01.2016;0;0.55;15
28.01.2016;1.833112643;0.78;17
29.01.2016;0.107904839;0.51;17
30.01.2016;7.536723939;0.43;22
31.01.2016;0.585522187;0.33;14
01.02.2016;0.692162459;0.59;15
02.02.2016;6.761576351;0.56;17.517095
03.02.2016;1.277490294;0.44;19.508173
04.02.2016;4.32179039;0.25;22.8447
05.02.2016;0;0.38;24.430915
06.02.2016;0;0.94;23.071457
07.02.2016;1.143381551;0.49;20.843161
08.02.2016;11.01289227;0.52;26.241241
09.02.2016;8.73877593;0.46;35.07356
10.02.2016;2.554046236;0.28;40.645547
11.02.2016;0.567619658;0.36;37.445989
12.02.2016;0;0.16;33.127436
13.02.2016;2.40133402;0;30.247736
14.02.2016;3.37223563;0.33;43.163267
15.02.2016;0.545083452;0.2;34.951078
16.02.2016;0.108791133;0;27.866289
17.02.2016;0;0.1;25.252043
18.02.2016;0;0.13;22.887992
19.02.2016;0;0;20.811797
20.02.2016;8.941678944;0.34;22.393728
21.02.2016;0.205946991;0.71;44.490382
22.02.2016;4.448658783;0.64;37.383955
23.02.2016;5.210107493;0.28;69.780614
24.02.2016;0.31667498;0.22;53.853118
25.02.2016;0.182021156;0;48.026933
26.02.2016;0;0.07;40.424149
27.02.2016;0;0.38;35.294958
28.02.2016;0;0.25;29.46965
29.02.2016;0;0.28;24.575869
01.03.2016;0.099788551;0.23;21.655856
02.03.2016;2.543764781;0.45;20.858822
03.03.2016;0;0.32;18.914856
04.03.2016;4.054581017;0.17;16.972813
05.03.2016;2.802675702;0.41;22.858987
06.03.2016;1.330104522;0.25;20.687357
07.03.2016;1.4895669;0.1;19.982822
08.03.2016;0.2254387;0.01;18.236769
09.03.2016;0;0.19;17.004084
10.03.2016;0;0.59;15.292344
11.03.2016;0;0.54;13.741963
12.03.2016;0;0.37;12.547774
13.03.2016;0;0.63;11.309854
14.03.2016;0;0.94;10.237401
15.03.2016;0;0.31;9.750376
16.03.2016;0;0.72;8.958825
17.03.2016;0;0.98;8.378552
18.03.2016;0;1.45;7.691635
19.03.2016;0;0.55;6.937422
20.03.2016;0;0.56;6.583335
21.03.2016;0;0.77;6.237093
22.03.2016;0.201403041;0.78;6.006363
23.03.2016;0;0.81;5.892014
24.03.2016;0.100209282;0.75;5.51542
25.03.2016;5.295629966;0.63;6.150663
26.03.2016;0;1.67;5.828721
27.03.2016;2.417535746;1.01;5.560486
28.03.2016;11.95504135;0.74;8.674594
29.03.2016;0.955642999;1.61;15.443117
30.03.2016;5.486573008;0.97;13.541014
31.03.2016;18.36523119;0.68;19.400544
01.04.2016;12.93356866;1.18;113.67114
02.04.2016;0;1.54;82.107844
03.04.2016;0.311702212;1.77;66.821929
04.04.2016;2.777947475;1.5;54.033702
05.04.2016;5.288557416;1;53.38014
06.04.2016;0.207421675;1.77;47.042426
07.04.2016;2.371324356;1.97;41.448781
08.04.2016;0;1.41;35.409018
09.04.2016;0;1.81;30.363167
10.04.2016;0;1.84;26.219279
11.04.2016;0;2.81;23.122281
12.04.2016;2.788103585;1.79;20.835289
13.04.2016;0.206878578;0.84;19.908118
14.04.2016;0.110850254;2.5;16.993101
15.04.2016;0.350645583;1.96;14.864128
16.04.2016;4.598064622;1.46;15.11145
17.04.2016;3.985827078;1.55;19.05834
18.04.2016;0;2.1;14.310609
19.04.2016;0.112219084;1.14;14.231106
20.04.2016;0;2.46;14.236287
21.04.2016;0;3.06;13.086719
22.04.2016;0;2.34;11.993123
23.04.2016;1.694991123;1.01;12.306438
24.04.2016;0.325431496;0.88;11.843871
25.04.2016;6.326924595;0.69;11.909214
26.04.2016;1.543896592;1.15;14.036164
27.04.2016;0.518940383;0.73;12.009422
28.04.2016;0;1.4;10.280654
29.04.2016;0;0.95;9.101957
30.04.2016;3.466456859;1.72;8.363818
01.05.2016;0.159418201;3.11;8.551597
02.05.2016;0;3.61;6.51079
03.05.2016;0.435001943;1.48;6.02769
04.05.2016;0;2.85;5.368609
05.05.2016;0;3.32;4.990627
06.05.2016;0;4.16;4.540968
07.05.2016;0;4.29;4.319355
08.05.2016;0;4.57;3.769702
09.05.2016;0;4.33;3.344512
10.05.2016;0;3.25;3.137534
11.05.2016;0.384986665;3.2;2.993173
12.05.2016;0;2.95;2.755869
13.05.2016;0.430369072;3.08;2.797507
14.05.2016;0.149206473;1.5;2.709491
15.05.2016;0;1.48;2.345982
16.05.2016;0;1.63;2.370086
17.05.2016;0;1.3;2.005466
18.05.2016;0.113391854;1.46;3.404877
19.05.2016;1.112386621;1.85;7.296716
20.05.2016;0;2.62;2.172888
21.05.2016;0;3.25;2.133433
22.05.2016;1.864368134;3.41;1.866284
23.05.2016;1.265196483;1.53;1.467837
24.05.2016;1.771244042;1.3;1.894978
25.05.2016;0;1.36;1.9752
26.05.2016;0;3.47;1.573497
27.05.2016;8.319655478;2.41;2.33996
28.05.2016;0.203177184;2.96;1.829068
29.05.2016;2.73192665;2.12;1.709702
30.05.2016;18.88931006;1.77;8.95159
31.05.2016;0;1.86;4.092378
01.06.2016;9.534581958;1.58;4.699488
02.06.2016;2.583155448;2.07;4.857672
03.06.2016;4.311377293;1.7;4.482569
04.06.2016;0.42769823;2.09;3.807784
05.06.2016;0;4.44;2.555667
06.06.2016;0;4.6;1.511484
07.06.2016;0;4.96;0.942042
08.06.2016;0.40516591;2.73;0.997192
09.06.2016;0;4.21;0.898497
10.06.2016;0;4.25;0.780168
11.06.2016;0;1.95;0.637056
12.06.2016;5.575656572;2.04;2.174046
13.06.2016;3.027432781;1.73;2.259874
14.06.2016;2.364694311;2.76;1.868474
15.06.2016;16.39205803;2.15;2.864543
16.06.2016;0.207891926;1.44;2.868224
17.06.2016;1.336235888;3.19;4.381649
18.06.2016;0;3.41;3.74645
19.06.2016;1.36919939;2.2;3.258419
20.06.2016;3.773280497;3.3;3.265759
21.06.2016;0.667187168;2.08;3.274147
22.06.2016;0;2.83;2.998418
23.06.2016;0;6.11;2.689739
24.06.2016;0.327630879;5.13;14.381339
25.06.2016;1.902249526;1.85;10.456674
26.06.2016;0.207473991;3.64;6.658158
27.06.2016;0;2.53;4.954631
28.06.2016;0;3.17;4.802392
29.06.2016;0.227507408;4.19;3.971303
30.06.2016;0.301788243;1.91;3.430218
01.07.2016;0;2.31;3.095551
02.07.2016;1.07184607;2.59;2.837811
03.07.2016;2.475292137;2.92;2.740753
04.07.2016;0;2.38;2.670906
05.07.2016;0.111215047;2.87;2.547434
06.07.2016;0;3.43;2.150196
07.07.2016;0.112414583;4.04;2.006068
08.07.2016;0;3.04;1.91181
09.07.2016;0;3.75;1.703555
10.07.2016;0;4.64;1.62032
11.07.2016;0;3.03;1.708246
12.07.2016;0.110809941;3.9;1.583203
13.07.2016;17.03403353;2.9;2.966055
14.07.2016;0.144179897;2.58;1.943222
15.07.2016;0;2.55;1.426019
16.07.2016;0;2.11;1.478625
17.07.2016;0;2.38;1.449198
18.07.2016;0;5.16;1.204307
19.07.2016;0;5.62;1.477551
20.07.2016;0;5.69;1.30457
21.07.2016;3.202411363;2.48;1.587464
22.07.2016;0;3.26;1.495235
23.07.2016;11.98292241;2.56;3.329446
24.07.2016;18.1615269;2.12;1.64346
25.07.2016;0.106852963;3.84;1.449671
26.07.2016;0;2.78;1.336794
27.07.2016;0.531528718;3.89;1.373016
28.07.2016;0.100209282;2.11;1.308763
29.07.2016;3.160570324;2.34;1.381977
30.07.2016;0;2.92;1.170749
31.07.2016;0;2.5;1.131734
01.08.2016;0;3.13;0.816771
02.08.2016;1.270286145;1.48;1.019339
03.08.2016;4.530701661;1.57;1.389518
04.08.2016;3.016878384;1.52;1.896977
05.08.2016;0.100289513;3.21;1.596594
06.08.2016;0;2.67;1.3715
07.08.2016;0;4.93;1.27007
08.08.2016;0;3.7;1.077521
09.08.2016;0.109530437;2.63;0.992203
10.08.2016;0.900571308;2.16;1.090999
11.08.2016;2.399586919;1.7;1.00089
12.08.2016;0.100877001;1.48;1.118367
13.08.2016;0;4.71;0.945061
14.08.2016;0;3.35;0.855563
15.08.2016;0;4.37;0.80397
16.08.2016;0;4.32;0.673348
17.08.2016;0;4.39;0.620793
18.08.2016;0;3.96;0.643303
19.08.2016;0;2.86;0.769216
20.08.2016;1.283211371;1.89;0.86842
21.08.2016;0.318061239;2.1;0.845269
22.08.2016;0;1.59;0.809725
23.08.2016;0;3.67;0.623575
24.08.2016;0;4.57;0.583828
25.08.2016;0;4.63;0.451006
26.08.2016;0;4.7;0.390638
27.08.2016;0;4.77;0.381175
28.08.2016;34.51466023;3.35;0.783103
29.08.2016;0;2.26;0.44335
30.08.2016;0;3.92;0.28983
31.08.2016;0;3.86;0.362807
01.09.2016;0;4.02;0.34465
02.09.2016;0;3.69;0.263442
03.09.2016;0;2.92;0.266859
04.09.2016;4.869164961;1.83;0.500049
05.09.2016;0.620093261;1.65;0.514997
06.09.2016;0;3.49;0.421759
07.09.2016;0;3.74;0.360717
08.09.2016;0;3.77;0.623417
09.09.2016;0;3;0.647308
10.09.2016;0;3.59;0.566866
11.09.2016;0;3.57;0.642779
12.09.2016;0;3.83;0.584243
13.09.2016;0;3.87;0.624604
14.09.2016;0;3.46;0.773907
15.09.2016;0;3.48;0.634482
16.09.2016;0;1.57;0.59636
17.09.2016;13.08211674;1.2;1.090803
18.09.2016;0.130423501;1.87;0.843269
19.09.2016;0.11664365;1;0.649716
20.09.2016;0;1.02;0.681233
21.09.2016;0;2.39;0.594031
22.09.2016;0;2.34;0.456837
23.09.2016;0;2.14;0.362912
24.09.2016;0;2.3;0.383837
25.09.2016;0;2.78;0.337883
26.09.2016;0;1.42;0.258338
27.09.2016;0;2.4;0.247644
28.09.2016;0;1.6;0.985329
29.09.2016;0;2.37;1.112481
30.09.2016;1.314380267;0.94;1.097666
01.10.2016;7.856574862;0.96;1.855835
02.10.2016;1.626249664;1.59;1.543922
03.10.2016;3.48372122;1.1;1.419513
04.10.2016;0.100209282;1.22;1.447856
05.10.2016;0;1.34;1.387699
06.10.2016;0;0.68;1.601107
07.10.2016;1.07828162;0.74;2.150463
08.10.2016;0.953118453;0.99;2.149589
09.10.2016;0;0.87;2.01451
10.10.2016;0;0.54;2.190437
11.10.2016;0.401547464;0.69;2.230597
12.10.2016;0.922311521;0.59;2.324864
13.10.2016;0;0.58;2.237421
14.10.2016;0;1.05;2.22384
15.10.2016;0;0.82;2.383007
16.10.2016;0.107234188;1.04;2.20354
17.10.2016;1.431599645;0.79;2.184616
18.10.2016;0.887529053;0.85;2.192242
19.10.2016;1.557685112;0.57;2.283406
20.10.2016;4.218952387;0.49;3.127501
21.10.2016;2.839809068;0.55;2.666176
22.10.2016;2.518736468;0.56;2.78843
23.10.2016;0;0.49;2.726416
24.10.2016;6.607301235;0.56;3.193445
25.10.2016;3.794312657;0.63;3.883982
26.10.2016;0;0.57;3.061952
27.10.2016;0.102334741;0.67;2.556083
28.10.2016;0;0.64;2.419092
29.10.2016;0;1.3;2.460045
30.10.2016;0;0.65;2.391391
31.10.2016;0;0.98;2.428228
01.11.2016;0;0.39;2.418025
02.11.2016;1.030322287;0.68;2.655645
03.11.2016;0.118985639;0.36;2.558833
04.11.2016;0.429524248;0.27;2.715995
05.11.2016;4.297140032;0.39;3.624203
06.11.2016;0.202492988;0.32;3.226817
07.11.2016;4.252920837;0.28;3.551767
08.11.2016;2.859901977;0.17;3.772956
09.11.2016;4.06644106;0.14;3.928129
10.11.2016;2.335767308;0.23;5.782891
11.11.2016;10.75225678;0.26;11.36022
12.11.2016;0;0.07;6.61794
13.11.2016;0;0.03;4.741424
14.11.2016;0.10398106;0;4.222565
15.11.2016;3.267344925;0.15;4.521476
16.11.2016;6.133248608;0.46;11.04024
17.11.2016;2.558420874;0.53;8.805645
18.11.2016;11.05649097;0.51;11.054335
19.11.2016;0.334527715;0.32;8.602058
20.11.2016;0;0.45;6.936625
21.11.2016;0;0.5;6.053484
22.11.2016;0;0.43;5.378617
23.11.2016;0;0.68;4.958714
24.11.2016;0;0.89;4.675723
25.11.2016;0;0.63;4.342186
26.11.2016;0;0.26;4.086791
27.11.2016;0;0.29;3.91826
28.11.2016;0.126594003;0;3.852809
29.11.2016;0;0;3.971793
30.11.2016;0;0;3.6
01.12.2016;0;0.23;3.059105
02.12.2016;2.982331796;0.24;3.163502
03.12.2016;0.104258295;0;3.207182
04.12.2016;0.100284967;0;3.657785
05.12.2016;0;0;5.361678
06.12.2016;0;0;3.356678
07.12.2016;0;0;3.219573
08.12.2016;0;0;3.341401
09.12.2016;0;0.07;3.23561
10.12.2016;0;0.06;3.505606
11.12.2016;0.244925705;0.37;3.580689
12.12.2016;0.365184914;0.34;3.556574
13.12.2016;1.358897575;0.21;3.457692
14.12.2016;1.771248669;0.26;3.808543
15.12.2016;0;0.31;3.677545
16.12.2016;0;0.18;3.549057
17.12.2016;0.108076322;0.09;3.196081
18.12.2016;0;0.21;3.181549
19.12.2016;0.10906751;0.22;3.326469
20.12.2016;0;0;3.266387
21.12.2016;0;0;3.133773
22.12.2016;1.903407829;0.02;3.324144
23.12.2016;0;0.14;3.584695
24.12.2016;0.395363312;0.38;3.548042
25.12.2016;0.285241167;0.39;3.545211
26.12.2016;0.830906677;0.39;3.442165
27.12.2016;0;0.32;3.118225
28.12.2016;0;0.28;3.043744
29.12.2016;0;0;3.05141
30.12.2016;0;0;3.061955
31.12.2016;0;0;2.959312
